Type,SKU,Name,Published,Is featured?,Visibility in catalog,Short description,Description,In stock?,Stock,Weight (kg),Length (cm),Width (cm),Height (cm),Sale price,Regular price,Categories,Tags,Images,Parent,Brands,Position,Attribute 1 name,Attribute 1 value(s),Attribute 1 visible,Attribute 1 global,Attribute 1 default,Attribute 2 name,Attribute 2 value(s),Attribute 2 visible,Attribute 2 global,Attribute 2 default
variable,RAV-RAVEDTAFEL-9300000193285894,Raved Tafelzeil 140 140 - PVC - Afwasbaar,1,,visible,,"<p>Geef je tafel direct een <strong>sfeervolle make-over</strong> met dit <strong>afwasbare PVC tafelzeil</strong> met een stijlvol <strong>gestreept beige patroon</strong> – ideaal voor binnen én buiten, voor een onderhoudsvriendelijke en toch elegante tafelopstelling.</p> <p><strong>Verander je tafel in een stijlvolle, onderhoudsvriendelijke blikvanger</strong> met dit prachtige <strong>tafelzeil</strong> van het vertrouwde merk <strong>Raved</strong>. Met een breedte van 140 cm, uitgevoerd in een elegant <strong>beige strepenpatroon</strong>, combineert dit tafelzeil design en functionaliteit op een slimme manier.</p> <h3>Gemak en bescherming in één</h3> <p>Dankzij het hoogwaardige <strong>PVC-materiaal</strong> is dit tafelzeil volledig <strong>afwasbaar</strong>, waardoor je veilig kunt genieten van familiediners, knutselmomenten met kinderen of een ontspannen buitenlunch op het terras. Geen zorgen meer over vlekken, vocht of krassen: het tafelzeil beschermt jouw tafel tegen alledaagse gevaren.</p> <h3>Stijlvolle uitstraling</h3> <p>Het subtiele strepenpatroon in beige voegt direct een warme en moderne touch toe aan elk interieur of buitenruimte. Of je nu een houten tafel hebt in de eetkamer of een kunststof buiten tafel op het balkon: dit tafelzeil sluit aan op een rustige, natuurlijke kleurstelling en verhoogt de sfeer.</p> <h3>Binnen én buiten gebruik</h3> <p>Dankzij het materiaal en het ontwerp is dit tafelzeil geschikt voor zowel <strong>binnen als buiten</strong> gebruik — ideaal voor wisselende seizoenen, buiteneten in de zomer of extra bescherming in huis. Let er wel op dat je het tafelzeil bij langdurige regen of vochtigheid indrukt naar binnen haalt om verkleuring of verwering te voorkomen.</p> <h3>Specificaties & voordelen</h3> <ul> <li> <p>Materiaal: <strong>PVC</strong>, onderhoudsvriendelijk en duurzaam.</p> </li> <li> <p>Kleur/patroon: <strong>beige strepenpatroon</strong>, stijlvol en tijdloos.</p> </li> <li> <p>Geschikt voor binnen & buiten; eenvoudig schoon te maken met een vochtige doek.</p> </li> <li> <p>Ideaal voor: gezinnen met kinderen, buitengebruik, tafels die bescherming nodig hebben.</p> </li> </ul> <h3>Waarom kiezen voor dit tafelzeil?</h3> <ul> <li> <p><strong>Rust en bescherming</strong>: Verlies de tafel niet uit het oog door knoeien of geur: je beschermt jouw investering.</p> </li> <li> <p><strong>Sfeervol interieur</strong>: Je hoeft niet te kiezen tussen praktisch en mooi — dit tafelzeil levert beiden.</p> </li> <li> <p><strong>Direct resultaat</strong>: Binnen enkele minuten transformeer je je tafel zonder stoffig of langdurig renovatieproces.</p> </li> <li> <p><strong>Veelzijdig gebruik</strong>: Van kinderactiviteit tot summer-barbecue — jouw tafel is er klaar voor.</p> </li> </ul> <p>Mis deze kans niet om jouw tafel een upgrade te geven én meteen het onderhoudsgemak te ervaren. Klik op “In winkelwagen” en breng stijl én rust terug op je eettafel of buitenplek!</p>",1,999,,,,,,,Tafellaken,"Tafellaken,PVC,Tafelzeil,Rechthoek,Overig,Print,Raved",https://media.s-bol.com/RvpB91DLy9rq/gJX9YvZ/1200x590.jpg,,Raved,,Size,"140 x 50 cm, 140 x 100 cm, 140 x 140 cm, 140 x 160 cm, 140 x 180 cm, 140 x 200 cm, 140 x 220 cm, 140 x 230 cm, 140 x 240 cm, 140 x 250 cm, 140 x 260 cm, 140 x 270 cm, 140 x 280 cm, 140 x 290 cm, 140 x 300 cm, 140 x 310 cm, 140 x 320 cm, 140 x 350 cm",0,0,140 x 50 cm,,,,,
variation,9501169262120,Raved Tafelzeil – 140 cm x 50 cm – Getekende Bladeren Groen – PVC – Afwasbaar,1,,visible,,,1,999,,,,,26.95,38.59,Tafellaken,,https://media.s-bol.com/mW1XjZ0O3Oon/KrEyKyY/1200x589.jpg,RAV-RAVEDTAFEL-9300000193285894,Raved,0,Size,140 x 50 cm,,0,,,,,,
variation,9509288533183,Raved Tafelzeil – 140 cm x 100 cm – Strepen Beige – PVC - Afwasbaar,1,,visible,,,1,999,,,,,26.95,38.59,Tafellaken,,https://media.s-bol.com/KlgE4QyryoLl/W6B9OZ4/1200x590.jpg,RAV-RAVEDTAFEL-9300000193285894,Raved,1,Size,140 x 100 cm,,0,,,,,,
variation,9508797895317,Raved Tafelzeil – 140 cm x 140 cm – Getekende Bladeren Groen – PVC – Afwasbaar,1,,visible,,,1,999,,,,,26.95,38.59,Tafellaken,,https://media.s-bol.com/Z16XK3yWKYPg/ElLvGBl/1200x1200.jpg,RAV-RAVEDTAFEL-9300000193285894,Raved,2,Size,140 x 140 cm,,0,,,,,,
variation,9507323593574,Raved Tafelzeil – 140 cm x 160 cm – Strepen Beige – PVC - Afwasbaar,1,,visible,,,1,999,,,,,26.95,38.59,Tafellaken,,https://media.s-bol.com/RvpB91DLy9rq/gJX9YvZ/1200x590.jpg,RAV-RAVEDTAFEL-9300000193285894,Raved,3,Size,140 x 160 cm,,0,,,,,,
variation,9503356788567,Raved Tafelzeil – 140 cm x 180 cm – Strepen Beige – PVC - Afwasbaar,1,,visible,,,1,999,,,,,26.95,38.59,Tafellaken,,https://media.s-bol.com/qWg8NZkWzQo7/31JxRk4/1200x590.jpg,RAV-RAVEDTAFEL-9300000193285894,Raved,4,Size,140 x 180 cm,,0,,,,,,
variation,9508384461819,Raved Tafelzeil – 140 cm x 200 cm – Strepen Beige – PVC - Afwasbaar,1,,visible,,,1,999,,,,,26.95,38.59,Tafellaken,,https://media.s-bol.com/BGVE46Y0PVz2/DkEVNzA/1200x590.jpg,RAV-RAVEDTAFEL-9300000193285894,Raved,5,Size,140 x 200 cm,,0,,,,,,
variation,9509852881276,Raved Tafelzeil – 140 cm x 220 cm – Getekende Bladeren Groen – PVC – Afwasbaar,1,,visible,,,1,999,,,,,26.95,38.59,Tafellaken,,https://media.s-bol.com/RN6ByRKZD4Kz/AnEoA2j/1200x1200.jpg,RAV-RAVEDTAFEL-9300000193285894,Raved,6,Size,140 x 220 cm,,0,,,,,,
variation,9506127991982,Raved Tafelzeil – 140 cm x 230 cm – Strepen Beige – PVC - Afwasbaar,1,,visible,,,1,999,,,,,26.95,38.59,Tafellaken,,https://media.s-bol.com/Nol1406wp9X2/KrEVX0l/1200x590.jpg,RAV-RAVEDTAFEL-9300000193285894,Raved,7,Size,140 x 230 cm,,0,,,,,,
variation,9504672282685,Raved Tafelzeil – 140 cm x 240 cm – Strepen Beige – PVC - Afwasbaar,1,,visible,,,1,999,,,,,26.95,38.59,Tafellaken,,https://media.s-bol.com/YDzXg59KN9lA/QWL8JQM/1200x590.jpg,RAV-RAVEDTAFEL-9300000193285894,Raved,8,Size,140 x 240 cm,,0,,,,,,
variation,9502455755364,Raved Tafelzeil – 140 cm x 250 cm – Strepen Beige – PVC - Afwasbaar,1,,visible,,,1,999,,,,,26.95,38.59,Tafellaken,,https://media.s-bol.com/gWRXz2GynRKk/2kJw4jj/1200x590.jpg,RAV-RAVEDTAFEL-9300000193285894,Raved,9,Size,140 x 250 cm,,0,,,,,,
variation,9501794333967,Raved Tafelzeil – 140 cm x 260 cm – Getekende Bladeren Groen – PVC – Afwasbaar,1,,visible,,,1,999,,,,,26.95,38.59,Tafellaken,,https://media.s-bol.com/BqBEMx79z4QX/xGW59BP/1200x1200.jpg,RAV-RAVEDTAFEL-9300000193285894,Raved,10,Size,140 x 260 cm,,0,,,,,,
variation,9509557598127,Raved Tafelzeil – 140 cm x 270 cm – Strepen Beige – PVC - Afwasbaar,1,,visible,,,1,999,,,,,26.95,38.59,Tafellaken,,https://media.s-bol.com/gWRXz2G0orE6/XDV9x18/1200x590.jpg,RAV-RAVEDTAFEL-9300000193285894,Raved,11,Size,140 x 270 cm,,0,,,,,,
variation,9502886331557,Raved Tafelzeil – 140 cm x 280 cm – Strepen Beige – PVC - Afwasbaar,1,,visible,,,1,999,,,,,26.95,38.59,Tafellaken,,https://media.s-bol.com/nW2JKOopDVAW/mZX9RAE/1200x590.jpg,RAV-RAVEDTAFEL-9300000193285894,Raved,12,Size,140 x 280 cm,,0,,,,,,
variation,9501498561611,Raved Tafelzeil – 140 cm x 290 cm – Strepen Beige – PVC - Afwasbaar,1,,visible,,,1,999,,,,,26.95,38.59,Tafellaken,,https://media.s-bol.com/Jk4XmvQr2gAJ/xkjrqPz/1200x590.jpg,RAV-RAVEDTAFEL-9300000193285894,Raved,13,Size,140 x 290 cm,,0,,,,,,
variation,9508126238662,Raved Tafelzeil – 140 cm x 300 cm – Getekende Bladeren Groen – PVC – Afwasbaar,1,,visible,,,1,999,,,,,26.95,38.59,Tafellaken,,https://media.s-bol.com/Y8EXJ2xBgRwY/y8W5MDR/1200x1200.jpg,RAV-RAVEDTAFEL-9300000193285894,Raved,14,Size,140 x 300 cm,,0,,,,,,
variation,9506773959152,Raved Tafelzeil – 140 cm x 310 cm – Getekende Bladeren Groen – PVC – Afwasbaar,1,,visible,,,1,999,,,,,26.95,38.59,Tafellaken,,https://media.s-bol.com/Y8EXJ2Bn9pg2/Mjngo61/1200x1200.jpg,RAV-RAVEDTAFEL-9300000193285894,Raved,15,Size,140 x 310 cm,,0,,,,,,
variation,9504419888873,Raved Tafelzeil – 140 cm x 320 cm – Getekende Bladeren Groen – PVC – Afwasbaar,1,,visible,,,1,999,,,,,26.95,38.59,Tafellaken,,https://media.s-bol.com/5Py0v6Er4qGB/DRKrPAk/1200x1200.jpg,RAV-RAVEDTAFEL-9300000193285894,Raved,16,Size,140 x 320 cm,,0,,,,,,
variation,9504211475769,Raved Tafelzeil – 140 cm x 350 cm – Getekende Bladeren Groen – PVC – Afwasbaar,1,,visible,,,1,999,,,,,26.95,38.59,Tafellaken,,https://media.s-bol.com/nW2Jk7LZyo9p/82YNPNL/1200x589.jpg,RAV-RAVEDTAFEL-9300000193285894,Raved,17,Size,140 x 350 cm,,0,,,,,,
variable,RAV-RAVEDTAFEL-9300000092104528,Raved Tafelzeil Blokken Design Grijs 140 140 - PVC - Afwasbaar,1,,visible,,"<p><strong>De tafelkleden van Raved zijn veelzijdig en brengen sfeer in huis. Onze Tafelkleden/Tafelzeilen/Tafelzeilen zijn zowel verkrijgbaar in vrolijke motieven en prints, als in mooie effen kleuren. Een Toile cirée van Raved is ook nog eens erg praktisch en beschermt je tafel tegen geknoei of brandplekken door hete pannen. Zo schuift iedereen met een gerust hart aan!</strong></p> <h3>Voor binnen & buiten</h3> <p>Dit Tafelkleed/Tafelzeil/Tafelzijl is geschikt voor zowel binnen als buiten. Let er wel op dat je het kleed naar binnen haalt wanneer het regent, dit voorkomt verkleuring en verwering. Na gebruik is het kleed eenvoudig af te nemen met een vochtige doek en kan het weer de kast in voor een volgend gebruik!</p> <h3>Blokken design</h3> <p>Dit tafelkleed/tafelzeil, met een subtiele print en neutrale kleur, past perfect binnen een modern en klassiek interieur. Het ontwerp bestaat uit een stijlvolle blokken print in de kleuren grijs en wit en maakt uw eetkamer nog completer.</p> <h3>Specificaties:</h3> <p> Materiaal: PVC / plastic <br /> Afmetingen: 140 x 140 cm <br /> Kleur: Wit/Grijs <br /> Inhoud: 1 stuk<br /> Fabrikant: Wicotex / 2Lif<br /> Onze tafelzijlen zijn geschikt voor jong en oud. Of je nu gezellig een avondje met vrienden of familie aan tafel schuift of kinderen hebt die graag knutselen en knoeien, je tafel kan alles aan!</p> <p>Raved, ook wel bekend als Raved Frabrics, verkoopt zowel praktische als mooie items! Onze artikelen worden zorgvuldig geselecteerd voor de beste kwaliteit. Van prachtige tafelkleden en -zeilen tot de mooiste muurdecoratie: bij Raved kun je altijd terecht!</p>",1,999,,,,,,,Tafellaken,"Tafellaken,PVC,Tafelzeil,Rechthoek,Geruit,Vierkantjes,Raved","https://media.s-bol.com/NJkWLORmjRR2/Z4Eg7q8/1200x1182.jpg, https://media.s-bol.com/r1kV82nvg8zp/Z4Eg7q8/550x550.jpg, https://media.s-bol.com/7w12ryAlQ5VA/mr9kyG/550x467.jpg, https://media.s-bol.com/JB6Wy8rxkv7g/Z4Eg7q8/550x480.jpg, https://media.s-bol.com/3pQPnr97ML0O/mr9kyG/550x550.jpg, https://media.s-bol.com/m5ZNOqPgr8OR/Z4Eg7q8/550x178.jpg, https://media.s-bol.com/4K5p6OW72pR0/qVRwX7/550x550.jpg, https://media.s-bol.com/xgkLn6wBoGg9/Z4Eg7q8/550x550.jpg, https://media.s-bol.com/Y8EqW7RPmP1n/Z4Eg7q8/550x550.jpg",,Raved,,Size,"140 x 50 cm, 140 x 100 cm, 140 x 140 cm, 140 x 160 cm, 140 x 180 cm, 140 x 200 cm, 140 x 220 cm, 140 x 230 cm, 140 x 240 cm, 140 x 250 cm, 140 x 260 cm, 140 x 270 cm, 140 x 280 cm, 140 x 290 cm, 140 x 300 cm, 140 x 310 cm, 140 x 320 cm, 140 x 350 cm",0,0,140 x 50 cm,,,,,
variation,9507334322392,Raved Tafelzeil Blokken  140 cm x  50 cm - Grijs - PVC - Afwasbaar,1,,visible,,,1,999,,,,,23.95,43.89,Tafellaken,,https://media.s-bol.com/NJkWLORmjRR2/Z4Eg7q8/1200x1182.jpg,RAV-RAVEDTAFEL-9300000092104528,Raved,0,Size,140 x 50 cm,,0,,,,,,
variation,9503652492533,Raved Tafelzeil Blokken  140 cm x  100 cm - Grijs - PVC - Afwasbaar,1,,visible,,,1,999,,,,,23.95,43.89,Tafellaken,,https://media.s-bol.com/g0JMZpGzDykD/qjWozPk/1200x1182.jpg,RAV-RAVEDTAFEL-9300000092104528,Raved,1,Size,140 x 100 cm,,0,,,,,,
variation,9504269167999,Raved Tafelzeil Blokken  140 cm x  140 cm - Grijs - PVC - Afwasbaar,1,,visible,,,1,999,,,,,23.95,43.89,Tafellaken,,https://media.s-bol.com/7R3V192KA8K1/zmgAM2O/1200x1182.jpg,RAV-RAVEDTAFEL-9300000092104528,Raved,2,Size,140 x 140 cm,,0,,,,,,
variation,9502957948677,Raved Tafelzeil Blokken  140 cm x  160 cm - Grijs - PVC - Afwasbaar,1,,visible,,,1,999,,,,,23.95,43.89,Tafellaken,,https://media.s-bol.com/r1kV82WZ2Jw6/nZWlwMP/1200x1182.jpg,RAV-RAVEDTAFEL-9300000092104528,Raved,3,Size,140 x 160 cm,,0,,,,,,
variation,9503861999496,Raved Tafelzeil Blokken  140 cm x  180 cm - Grijs - PVC - Afwasbaar,1,,visible,,,1,999,,,,,23.95,43.89,Tafellaken,,https://media.s-bol.com/q1xL7QWRQGvr/oYWmxNk/1200x1182.jpg,RAV-RAVEDTAFEL-9300000092104528,Raved,4,Size,140 x 180 cm,,0,,,,,,
variation,9508925215888,Raved Tafelzeil Blokken  140 cm x  200 cm - Grijs - PVC - Afwasbaar,1,,visible,,,1,999,,,,,23.95,43.89,Tafellaken,,https://media.s-bol.com/3N1V2ZA006nA/66pMOLz/1200x1182.jpg,RAV-RAVEDTAFEL-9300000092104528,Raved,5,Size,140 x 200 cm,,0,,,,,,
variation,9508793572687,Raved Tafelzeil Blokken  140 cm x  220 cm - Grijs - PVC - Afwasbaar,1,,visible,,,1,999,,,,,23.95,43.89,Tafellaken,,https://media.s-bol.com/7R3V19w7QDg1/8qrgQPW/1200x1182.jpg,RAV-RAVEDTAFEL-9300000092104528,Raved,6,Size,140 x 220 cm,,0,,,,,,
variation,9507421872519,Raved Tafelzeil Blokken  140 cm x  230 cm - Grijs - PVC - Afwasbaar,1,,visible,,,1,999,,,,,23.95,43.89,Tafellaken,,https://media.s-bol.com/KDr918vg8g7n/3lm3LB9/1200x1182.jpg,RAV-RAVEDTAFEL-9300000092104528,Raved,7,Size,140 x 230 cm,,0,,,,,,
variation,9502596173492,Raved Tafelzeil Blokken  140 cm x  240 cm - Grijs - PVC - Afwasbaar,1,,visible,,,1,999,,,,,23.95,43.89,Tafellaken,,https://media.s-bol.com/NJkWLORmjRR2/Z4Eg7q8/1200x1182.jpg,RAV-RAVEDTAFEL-9300000092104528,Raved,8,Size,140 x 240 cm,,0,,,,,,
variation,9504896968631,Raved Tafelzeil Blokken  140 cm x  250 cm - Grijs - PVC - Afwasbaar,1,,visible,,,1,999,,,,,23.95,43.89,Tafellaken,,https://media.s-bol.com/3N1VQ6mwoq6Q/GZNA3P3/1200x1182.jpg,RAV-RAVEDTAFEL-9300000092104528,Raved,9,Size,140 x 250 cm,,0,,,,,,
variation,9503996441358,Raved Tafelzeil Blokken  140 cm x  260 cm - Grijs - PVC - Afwasbaar,1,,visible,,,1,999,,,,,23.95,43.89,Tafellaken,,https://media.s-bol.com/k1RX82lN5myK/P1qG322/1200x1182.jpg,RAV-RAVEDTAFEL-9300000092104528,Raved,10,Size,140 x 260 cm,,0,,,,,,
variation,9506864223117,Raved Tafelzeil Blokken  140 cm x  270 cm - Grijs - PVC - Afwasbaar,1,,visible,,,1,999,,,,,23.95,43.89,Tafellaken,,https://media.s-bol.com/m5ZNOqgJJ2w9/WnA13kn/1200x1182.jpg,RAV-RAVEDTAFEL-9300000092104528,Raved,11,Size,140 x 270 cm,,0,,,,,,
variation,9506491227281,Raved Tafelzeil Blokken  140 cm x  280 cm - Grijs - PVC - Afwasbaar,1,,visible,,,1,999,,,,,23.95,43.89,Tafellaken,,https://media.s-bol.com/q1xL7QrnZPDp/48n2MEk/1200x1182.jpg,RAV-RAVEDTAFEL-9300000092104528,Raved,12,Size,140 x 280 cm,,0,,,,,,
variation,9502437619622,Raved Tafelzeil Blokken  140 cm x  290 cm - Grijs - PVC - Afwasbaar,1,,visible,,,1,999,,,,,23.95,43.89,Tafellaken,,https://media.s-bol.com/JB6Wy8kqRgPo/y8WzL1g/1200x1182.jpg,RAV-RAVEDTAFEL-9300000092104528,Raved,13,Size,140 x 290 cm,,0,,,,,,
variation,9507683377920,Raved Tafelzeil Blokken  140 cm x  300 cm - Grijs - PVC - Afwasbaar,1,,visible,,,1,999,,,,,23.95,43.89,Tafellaken,,https://media.s-bol.com/q1xL7QmzOXn0/Y6DZ3oW/1200x1182.jpg,RAV-RAVEDTAFEL-9300000092104528,Raved,14,Size,140 x 300 cm,,0,,,,,,
variation,9507884559545,Raved Tafelzeil Blokken  140 cm x  310 cm - Grijs - PVC - Afwasbaar,1,,visible,,,1,999,,,,,23.95,43.89,Tafellaken,,https://media.s-bol.com/BqB9NrYNKmVn/VmzW3gO/1200x1182.jpg,RAV-RAVEDTAFEL-9300000092104528,Raved,15,Size,140 x 310 cm,,0,,,,,,
variation,9505469783248,Raved Tafelzeil Blokken  140 cm x  320 cm - Grijs - PVC - Afwasbaar,1,,visible,,,1,999,,,,,23.95,43.89,Tafellaken,,https://media.s-bol.com/q1xL7QmrA7yp/AnEr3Jp/1200x1182.jpg,RAV-RAVEDTAFEL-9300000092104528,Raved,16,Size,140 x 320 cm,,0,,,,,,
variation,9501627676995,Raved Tafelzeil Blokken  140 cm x  350 cm - Grijs - PVC - Afwasbaar,1,,visible,,,1,999,,,,,23.95,43.89,Tafellaken,,https://media.s-bol.com/q1xL7QmNNlJr/vg6wGXM/1200x1182.jpg,RAV-RAVEDTAFEL-9300000092104528,Raved,17,Size,140 x 350 cm,,0,,,,,,
variable,RAV-RAVEDTAFEL-9300000179187883,Raved Tafelzeil 140 140 - PVC - Afwasbaar,1,,visible,,"<p>Laat je tafel stralen én beschermen met <strong>een stijlvol motief in wit met takkenprint</strong>, <strong>duurzaam PVC-materiaal</strong>, en <strong>afwasbaar oppervlak</strong> — perfect voor dagelijks gebruik én gezellige samenkomsten, binnen of buiten.</p> <p>Breng rust en stijl naar je tafel met het **Raved Tafelzeil Takken. Dit tafelzeil combineert een <strong>elegant takkenmotief op een witte achtergrond</strong> met het praktische gemak van <strong>afwasbaar PVC-materiaal</strong> — een slimme keuze voor jouw huis.</p> <h3>Een frisse uitstraling en slimme bescherming</h3> <p>Met het subtiele <strong>takkenmotief in wit</strong> creëer je direct een natuurlijke en serene sfeer rond je tafel. Het oogt rustig, fris en stijlvol — perfect voor een moderne eettafel of een zonnig terras. Tegelijkertijd biedt het tafelzeil bescherming: dankzij het <strong>PVC-materiaal</strong> is je tafel bestand tegen dagelijks gebruik, speelse kleintjes, koffie-vlekken of onvoorzichtige aanrakingen.</p> <h3>Ideaal voor dagelijks gebruik én bijzondere momenten</h3> <p>Of je nu een ontbijt met het gezin hebt, een middagbuitentafel opzet of een etentje organiseert: dit tafelzeil is geschikt voor zowel binnen als buiten. Het is direct klaar voor gebruik, eenvoudig schoon te maken met een vochtige doek en het behoudt zijn frisse uitstraling. Dankzij de maat past het ideaal op standaard tafels — waardoor je tafel veilig is, zonder concessies te doen aan stijl.</p> <h3>Materiaal & onderhoud</h3> <p>Het tafelzeil is vervaardigd uit <strong>PVC</strong>, wat staat voor:</p> <ul> <li> <p><strong>Duurzaamheid</strong>: bestand tegen krassen, vocht en vlekken.</p> </li> <li> <p><strong>Onderhoudsgemak</strong>: veeg schoon met een natte doek, geen gesjouw met zware wasprogramma’s.</p> </li> <li> <p><strong>Gebruiksgemak</strong>: geen strijken, geen speciale schoonmaakmiddelen nodig.</p> </li> </ul> <h3>Waarom kiezen voor dit tafelzeil?</h3> <ul> <li> <p><strong>Bescherming</strong> voor je tafel tegen vlekken, krassen en slijtage.</p> </li> <li> <p><strong>Verbluffend eenvoudig in onderhoud</strong>, bespaart je tijd en moeite.</p> </li> <li> <p><strong>Stijlvol ontwerp</strong> dat past bij interieur én buitenruimte.</p> </li> <li> <p><strong>Merkvertrouwen</strong> van Raved, specialist in kwaliteits-tafeloplossingen.</p> </li> <li> <p><strong>Binnen & buiten gebruik</strong>, verhoogt de flexibiliteit in je woning.</p> </li> </ul> <p>Laat de zorgen over een beschadigde tafel achter je en geniet van het moment — of je nu werkt, eet, leest of ontspant. Voeg vandaag dit tafelzeil toe aan je interieur en creëer direct een stijlvolle en beschermde tafelsetting. <strong>Bestel nu en ervaar het gemak van een afwasbaar, stijlvol tafelzeil!</strong></p>",1,999,,,,,,,Tafellaken,"Tafellaken,PVC,Tafelzeil,Rechthoek,Geruit,Bloemen,Raved",https://media.s-bol.com/xxX9Ejlqo25l/gJnrXDr/1200x590.jpg,,Raved,,Size,"140 x 50 cm, 140 x 100 cm, 140 x 140 cm, 140 x 160 cm, 140 x 180 cm, 140 x 200 cm, 140 x 220 cm, 140 x 230 cm, 140 x 240 cm, 140 x 250 cm, 140 x 260 cm, 140 x 270 cm, 140 x 280 cm, 140 x 290 cm, 140 x 300 cm, 140 x 310 cm, 140 x 320 cm, 140 x 350 cm",0,0,140 x 50 cm,,,,,
variation,9505639594292,Raved Tafelzeil – 140 cm x 50 cm – Zomer Fruit – Paars – PVC – Afwasbaar,1,,visible,,,1,999,,,,,,,Tafellaken,,https://media.s-bol.com/3X551YjNkoLn/gJnAJxl/1200x590.jpg,RAV-RAVEDTAFEL-9300000179187883,Raved,0,Size,140 x 50 cm,,0,,,,,,
variation,9501419569139,Raved Tafelzeil – 140 cm x 100 cm – Zomer Fruit – Paars – PVC – Afwasbaar,1,,visible,,,1,999,,,,,,,Tafellaken,,https://media.s-bol.com/RJxx68M6AJpL/Z6zk6wE/1200x590.jpg,RAV-RAVEDTAFEL-9300000179187883,Raved,1,Size,140 x 100 cm,,0,,,,,,
variation,9502412818491,Raved Tafelzeil – 140 cm x 140 cm – Zomer Fruit – Paars – PVC – Afwasbaar,1,,visible,,,1,999,,,,,,,Tafellaken,,https://media.s-bol.com/jKllRA85wJLR/QW6YWNq/1200x590.jpg,RAV-RAVEDTAFEL-9300000179187883,Raved,2,Size,140 x 140 cm,,0,,,,,,
variation,9504419994765,Raved Tafelzeil – 140 cm x 160 cm – Zomer Fruit – Paars – PVC – Afwasbaar,1,,visible,,,1,999,,,,,,,Tafellaken,,https://media.s-bol.com/mjooZ721mkxE/31yk1jn/1200x590.jpg,RAV-RAVEDTAFEL-9300000179187883,Raved,3,Size,140 x 160 cm,,0,,,,,,
variation,9505753876267,Raved Tafelzeil – 140 cm x 180 cm – Zomer Fruit – Paars – PVC – Afwasbaar,1,,visible,,,1,999,,,,,,,Tafellaken,,https://media.s-bol.com/Bm55B1RwDlLQ/82Mp2o5/1200x590.jpg,RAV-RAVEDTAFEL-9300000179187883,Raved,4,Size,140 x 180 cm,,0,,,,,,
variation,9502463415311,Raved Tafelzeil – 140 cm x 200 cm – Zomer Fruit – Paars – PVC – Afwasbaar,1,,visible,,,1,999,,,,,,,Tafellaken,,https://media.s-bol.com/YmGGEVlDJrLM/R6PZ6M0/1200x590.jpg,RAV-RAVEDTAFEL-9300000179187883,Raved,5,Size,140 x 200 cm,,0,,,,,,
variation,9501483233929,Raved Tafelzeil – 140 cm x 220 cm – Zomer Fruit – Paars – PVC – Afwasbaar,1,,visible,,,1,999,,,,,,,Tafellaken,,https://media.s-bol.com/6N558YY8KZ7O/2k7jkgP/1200x590.jpg,RAV-RAVEDTAFEL-9300000179187883,Raved,6,Size,140 x 220 cm,,0,,,,,,
variation,9508677975139,Raved Tafelzeil – 140 cm x 230 cm – Zomer Fruit – Paars – PVC – Afwasbaar,1,,visible,,,1,999,,,,,,,Tafellaken,,https://media.s-bol.com/1N88wVVw3RzZ/kRrGRwY/1200x590.jpg,RAV-RAVEDTAFEL-9300000179187883,Raved,7,Size,140 x 230 cm,,0,,,,,,
variation,9507676669889,Raved Tafelzeil – 140 cm x 240 cm – Zomer Fruit – Paars – PVC – Afwasbaar,1,,visible,,,1,999,,,,,,,Tafellaken,,https://media.s-bol.com/qnvvxAVgq8W7/73po3nG/1200x590.jpg,RAV-RAVEDTAFEL-9300000179187883,Raved,8,Size,140 x 240 cm,,0,,,,,,
variation,9506779856288,Raved Tafelzeil – 140 cm x 250 cm – Zomer Fruit – Paars – PVC – Afwasbaar,1,,visible,,,1,999,,,,,,,Tafellaken,,https://media.s-bol.com/YmGGEVV6nvEO/9rDqrp4/1200x590.jpg,RAV-RAVEDTAFEL-9300000179187883,Raved,9,Size,140 x 250 cm,,0,,,,,,
variation,9503646248689,Raved Tafelzeil – 140 cm x 260 cm – Zomer Fruit – Paars – PVC – Afwasbaar,1,,visible,,,1,999,,,,,,,Tafellaken,,https://media.s-bol.com/rowwkggmJQL2/4xzlxk0/1200x590.jpg,RAV-RAVEDTAFEL-9300000179187883,Raved,10,Size,140 x 260 cm,,0,,,,,,
variation,9501411295869,Raved Tafelzeil – 140 cm x 270 cm – Zomer Fruit – Paars – PVC – Afwasbaar,1,,visible,,,1,999,,,,,,,Tafellaken,,https://media.s-bol.com/jKllQGNlBW0y/XDrgD7l/1200x590.jpg,RAV-RAVEDTAFEL-9300000179187883,Raved,11,Size,140 x 270 cm,,0,,,,,,
variation,9507312957592,Raved Tafelzeil – 140 cm x 280 cm – Zomer Fruit – Paars – PVC – Afwasbaar,1,,visible,,,1,999,,,,,,,Tafellaken,,https://media.s-bol.com/vvAA2mYnyJ68/jR0ERvz/1200x590.jpg,RAV-RAVEDTAFEL-9300000179187883,Raved,12,Size,140 x 280 cm,,0,,,,,,
variation,9504486274111,Raved Tafelzeil – 140 cm x 290 cm – Zomer Fruit – Paars – PVC – Afwasbaar,1,,visible,,,1,999,,,,,,,Tafellaken,,https://media.s-bol.com/nkpp5GGRw3m5/68Bn8mQ/1200x590.jpg,RAV-RAVEDTAFEL-9300000179187883,Raved,13,Size,140 x 290 cm,,0,,,,,,
variation,9502226411611,Raved Tafelzeil – 140 cm x 300 cm – Zomer Fruit – Paars – PVC – Afwasbaar,1,,visible,,,1,999,,,,,,,Tafellaken,,https://media.s-bol.com/mjooZ7y8z8YA/1wGgwYo/1200x590.jpg,RAV-RAVEDTAFEL-9300000179187883,Raved,14,Size,140 x 300 cm,,0,,,,,,
variation,9507258541541,Raved Tafelzeil – 140 cm x 310 cm – Zomer Fruit – Paars – PVC – Afwasbaar,1,,visible,,,1,999,,,,,,,Tafellaken,,https://media.s-bol.com/olqq2AAZxLPA/5yRmylZ/1200x590.jpg,RAV-RAVEDTAFEL-9300000179187883,Raved,15,Size,140 x 310 cm,,0,,,,,,
variation,9509579316952,Raved Tafelzeil – 140 cm x 320 cm – Zomer Fruit – Paars – PVC – Afwasbaar,1,,visible,,,1,999,,,,,,,Tafellaken,,https://media.s-bol.com/1N88wVVw3Kv0/lY2JYvJ/1200x590.jpg,RAV-RAVEDTAFEL-9300000179187883,Raved,16,Size,140 x 320 cm,,0,,,,,,
variation,9504245525232,Raved Tafelzeil – 140 cm x 350 cm – Zomer Fruit – Paars – PVC – Afwasbaar,1,,visible,,,1,999,,,,,,,Tafellaken,,https://media.s-bol.com/mjooZ7GwD1AR/PNz0NMl/1200x590.jpg,RAV-RAVEDTAFEL-9300000179187883,Raved,17,Size,140 x 350 cm,,0,,,,,,
variable,RAV-RAVEDTAFEL-9300000179131040,Raved Tafelzeil 140 140 - PVC - Afwasbaar,1,,visible,,"<p>Geef je eetplek direct een frisse, natuurlijke uitstraling met dit <strong>afwasbare PVC-tafelzeil</strong> in een mooi <strong>groen bladmotief</strong>. Dankzij de <strong>grote bladerenprint</strong> en de eenvoudige reiniging ben je binnen én buiten verzekerd van stijl zonder concessies.</p> <p>Ontdek het stijlvolle en praktische tafeltextiel — het <strong>primair zoekwoord</strong> hier is <strong>tafelzeil</strong> — van Raved: het prachtige tafelzeil met <strong>grote bladerenprint</strong> in <strong>groen</strong>, uitgevoerd in <strong>PVC</strong> waardoor hij eenvoudig schoon te maken is en geschikt voor zowel binnen als buiten.</p> <h3>Sfeervolle bladprint voor elke tafel</h3> <p>Met het Raved tafelzeil creëer je een uitnodigende tafelsetting: het levendige bladmotief brengt meteen de natuur binnen of verbindt je terras met de buitenlucht. De combinatie van de <strong>groene kleur</strong> en het uitgesproken bladerdessin geeft een speels én stijlvol accent aan jouw interieur of buitenplek. Wil je een gezellige brunch, een zonovergoten lunch op het balkon of een ontspannen avondeten buiten? Dit tafelzeil past daar perfect bij.</p> <h3>Bescherming én gemak in één</h3> <p>Het tafelzeil is vervaardigd van <strong>PVC</strong>, wat zorgt voor een glad en robuust oppervlak dat tegen een stootje kan. Gemorst? Geen probleem: je neemt het simpel met een vochtige doek af — dit onderhoudsgemak is een belangrijk <strong>USP</strong>. Bovendien verloopt het motief door tot aan de rand, wat zorgt voor een verzorgde en complete uitstraling.</p> <h3>Voor binnen én buiten</h3> <p>Kies je voor een eetkamer, keuken, tuintafel of veranda? Dankzij de veelzijdigheid is dit tafelzeil geschikt voor verschillende gebruikssituaties. Houd er wel rekening mee dat voor langdurige buitenstelling (intensieve zon, harde wind) enige bescherming van de kleur kan helpen — de rijke groen­tinten blijven het mooist als ze niet continu vol in de zon liggen.</p> <h3>Specificaties op een rij</h3> <ul> <li> <p>Materiaal: PVC (duurzaam, water- en vlekresistent)</p> </li> <li> <p>Kleur: groen met grote bladerenmotief</p> </li> <li> <p>Onderhoud: afnemen met een vochtige doek, niet in de wasmachine</p> </li> <li> <p>Gebruik: geschikt voor tafelbescherming, binnen & buiten</p> </li> <li> <p>Brandmerk: Raved</p> </li> </ul> <h3>Waarom kiezen voor dit tafelzeil?</h3> <ul> <li> <p><strong>Stijlvol motief</strong>: grote bladeren zorgen voor een natuurlijke, frisse look.</p> </li> <li> <p><strong>Onderhoudsgemak</strong>: PVC + afwasbaar oppervlak zorgt voor zorgeloos gebruik, juist handig bij gezinnen met kinderen of buitenmaaltijden.</p> </li> <li> <p><strong>Veelzijdigheid</strong>: geschikt voor diverse tafels, binnen of onder de pergola.</p> </li> <li> <p><strong>Bescherming</strong>: je tafel is beschermd tegen vlekken, vocht en lichte slijtage — verlies het risico op beschadiging niet.</p> </li> </ul> <h3>Call to action</h3> <p>Verander je tafel in een sfeervolle blikvanger en geniet iedere dag opnieuw van een frisse uitstraling. Bestel vandaag het Raved tafelzeil met groene grote bladerenprint en ervaar direct de perfecte combinatie van design én praktisch gemak! Klik op de knop en maak van iedere maaltijd een moment vol stijl.</p>",1,999,,,,,,,Tafellaken,"Tafellaken,PVC,Tafelzeil,Rechthoek,Gebloemd,Bloemen,Raved","https://media.s-bol.com/o127Wn9B9PZk/MjnXg13/1200x1200.jpg, https://media.s-bol.com/KDrml7knLJgM/MjnXg13/550x550.jpg, https://media.s-bol.com/j1RLWgVj94PP/MjnXg13/550x495.jpg, https://media.s-bol.com/n158WmVAVPRP/MjnXg13/550x550.jpg, https://media.s-bol.com/q1xDWpXEXXRp/MjnXg13/550x550.jpg, https://media.s-bol.com/BqBQGX7WB0mo/MjnXg13/550x178.jpg",,Raved,,Size,"140 x 50 cm, 140 x 100 cm, 140 x 140 cm, 140 x 160 cm, 140 x 180 cm, 140 x 200 cm, 140 x 220 cm, 140 x 230 cm, 140 x 240 cm, 140 x 250 cm, 140 x 260 cm, 140 x 270 cm, 140 x 280 cm, 140 x 290 cm, 140 x 300 cm, 140 x 310 cm, 140 x 320 cm, 140 x 350 cm",0,0,140 x 50 cm,,,,,
variation,9508247547599,Raved Tafelzeil 140 cm x 50 cm – Grote Bladeren – Groen – PVC – Afwasbaar,1,,visible,,,1,999,,,,,23.95,37.99,Tafellaken,,https://media.s-bol.com/7R3OqyMNlwjG/98vjB23/1200x1200.jpg,RAV-RAVEDTAFEL-9300000179131040,Raved,0,Size,140 x 50 cm,,0,,,,,,
variation,9503831942194,Raved Tafelzeil 140 cm x 100 cm – Grote Bladeren – Groen – PVC – Afwasbaar,1,,visible,,,1,999,,,,,23.95,37.99,Tafellaken,,https://media.s-bol.com/JB6lkK2Zkmmy/LgmGDJ4/1200x1200.jpg,RAV-RAVEDTAFEL-9300000179131040,Raved,1,Size,140 x 100 cm,,0,,,,,,
variation,9503132417230,Raved Tafelzeil 140 cm x 140 cm – Grote Bladeren – Groen – PVC – Afwasbaar,1,,visible,,,1,999,,,,,23.95,37.99,Tafellaken,,https://media.s-bol.com/4Ox4nvDA7Q2J/P1qGlQn/1200x1200.jpg,RAV-RAVEDTAFEL-9300000179131040,Raved,2,Size,140 x 140 cm,,0,,,,,,
variation,9505549527922,Raved Tafelzeil 140 cm x 160 cm – Grote Bladeren – Groen – PVC – Afwasbaar,1,,visible,,,1,999,,,,,23.95,37.99,Tafellaken,,https://media.s-bol.com/xx348wGEZnJz/rkmDWJp/1200x590.jpg,RAV-RAVEDTAFEL-9300000179131040,Raved,3,Size,140 x 160 cm,,0,,,,,,
variation,9505486945476,Raved Tafelzeil 140 cm x 180 cm – Grote Bladeren – Groen – PVC – Afwasbaar,1,,visible,,,1,999,,,,,23.95,37.99,Tafellaken,,https://media.s-bol.com/NJkpoK2xoJmD/VmzWrQ1/1200x1200.jpg,RAV-RAVEDTAFEL-9300000179131040,Raved,4,Size,140 x 180 cm,,0,,,,,,
variation,9504868814683,Raved Tafelzeil 140 cm x 200 cm – Grote Bladeren – Groen – PVC – Afwasbaar,1,,visible,,,1,999,,,,,23.95,37.99,Tafellaken,,https://media.s-bol.com/nk347jZjG0vp/QW6zrV0/1200x590.jpg,RAV-RAVEDTAFEL-9300000179131040,Raved,5,Size,140 x 200 cm,,0,,,,,,
variation,9507678694193,Raved Tafelzeil 140 cm x 220 cm – Grote Bladeren – Groen – PVC – Afwasbaar,1,,visible,,,1,999,,,,,23.95,37.99,Tafellaken,,https://media.s-bol.com/6Q82pxMrPY7Q/Y6DZxMp/1200x1200.jpg,RAV-RAVEDTAFEL-9300000179131040,Raved,6,Size,140 x 220 cm,,0,,,,,,
variation,9507447891273,Raved Tafelzeil 140 cm x 230 cm – Grote Bladeren – Groen – PVC – Afwasbaar,1,,visible,,,1,999,,,,,23.95,37.99,Tafellaken,,https://media.s-bol.com/o127Wn9B9PZk/MjnXg13/1200x1200.jpg,RAV-RAVEDTAFEL-9300000179131040,Raved,7,Size,140 x 230 cm,,0,,,,,,
variation,9502256835456,Raved Tafelzeil 140 cm x 240 cm – Grote Bladeren – Groen – PVC – Afwasbaar,1,,visible,,,1,999,,,,,23.95,37.99,Tafellaken,,https://media.s-bol.com/j1RLWgVx7WJ4/3lm3v9Q/1200x1200.jpg,RAV-RAVEDTAFEL-9300000179131040,Raved,8,Size,140 x 240 cm,,0,,,,,,
variation,9501694116677,Raved Tafelzeil 140 cm x 250 cm – Grote Bladeren – Groen – PVC – Afwasbaar,1,,visible,,,1,999,,,,,23.95,37.99,Tafellaken,,https://media.s-bol.com/jK345glvnxzz/mZYxWAG/1200x590.jpg,RAV-RAVEDTAFEL-9300000179131040,Raved,9,Size,140 x 250 cm,,0,,,,,,
variation,9506343236942,Raved Tafelzeil 140 cm x 260 cm – Grote Bladeren – Groen – PVC – Afwasbaar,1,,visible,,,1,999,,,,,23.95,37.99,Tafellaken,,https://media.s-bol.com/70GKY26k97wG/pYkAWEV/1200x590.jpg,RAV-RAVEDTAFEL-9300000179131040,Raved,10,Size,140 x 260 cm,,0,,,,,,
variation,9508435734435,Raved Tafelzeil 140 cm x 270 cm – Grote Bladeren – Groen – PVC – Afwasbaar,1,,visible,,,1,999,,,,,23.95,37.99,Tafellaken,,https://media.s-bol.com/JB6lkK262RNJ/0gjMp9X/1200x1200.jpg,RAV-RAVEDTAFEL-9300000179131040,Raved,11,Size,140 x 270 cm,,0,,,,,,
variation,9508662373728,Raved Tafelzeil 140 cm x 280 cm – Grote Bladeren – Groen – PVC – Afwasbaar,1,,visible,,,1,999,,,,,23.95,37.99,Tafellaken,,https://media.s-bol.com/qn346mjGl9qD/ADMZEw3/1200x590.jpg,RAV-RAVEDTAFEL-9300000179131040,Raved,12,Size,140 x 280 cm,,0,,,,,,
variation,9509373856661,Raved Tafelzeil 140 cm x 290 cm – Grote Bladeren – Groen – PVC – Afwasbaar,1,,visible,,,1,999,,,,,23.95,37.99,Tafellaken,,https://media.s-bol.com/JB6lkD0GyJGg/KOlGBQn/1200x1200.jpg,RAV-RAVEDTAFEL-9300000179131040,Raved,13,Size,140 x 290 cm,,0,,,,,,
variation,9501372675359,Raved Tafelzeil 140 cm x 300 cm – Grote Bladeren – Groen – PVC – Afwasbaar,1,,visible,,,1,999,,,,,23.95,37.99,Tafellaken,,https://media.s-bol.com/mj348YqKJDPn/0R0Zj1L/1200x590.jpg,RAV-RAVEDTAFEL-9300000179131040,Raved,14,Size,140 x 300 cm,,0,,,,,,
variation,9509367267862,Raved Tafelzeil 140 cm x 310 cm – Grote Bladeren – Groen – PVC – Afwasbaar,1,,visible,,,1,999,,,,,23.95,37.99,Tafellaken,,https://media.s-bol.com/QMWvrK20MJA5/66pMy09/1200x1200.jpg,RAV-RAVEDTAFEL-9300000179131040,Raved,15,Size,140 x 310 cm,,0,,,,,,
variation,9506623596391,Raved Tafelzeil 140 cm x 320 cm – Grote Bladeren – Groen – PVC – Afwasbaar,1,,visible,,,1,999,,,,,23.95,37.99,Tafellaken,,https://media.s-bol.com/DvkPKZ2k2oPk/r0Wp5Y6/1200x1200.jpg,RAV-RAVEDTAFEL-9300000179131040,Raved,16,Size,140 x 320 cm,,0,,,,,,
variation,9505235785711,Raved Tafelzeil 140 cm x 350 cm – Grote Bladeren – Groen – PVC – Afwasbaar,1,,visible,,,1,999,,,,,23.95,37.99,Tafellaken,,https://media.s-bol.com/8V2Orz7pGKGr/1jkMq9j/1200x1200.jpg,RAV-RAVEDTAFEL-9300000179131040,Raved,17,Size,140 x 350 cm,,0,,,,,,
variable,RAV-RAVEDTAFEL-9300000133865809,Raved Kerst Tafelzeil - 140 140 - PVC - Afwasbaar,1,,visible,,"<p>Breng direct <strong>kerstsfeer</strong> in huis met dit <strong>sfeervolle tafelzeil</strong> van Raved, voorzien van een warme kerstballenprint en <strong>duurzaam PVC-materiaal</strong>. Dankzij de <strong>afwasbare laag</strong> leg je met een gerust hart de feesttafel klaar—lekker, veilig en stijlvol.</p> <p>Geef jouw kersttafel deze winter een blikvanger met het <strong>kerst tafelzeil</strong> van Raved. Dit stijlvolle tafelzeil is speciaal ontworpen om jouw interieur feestelijk én praktisch te maken tijdens de decemberdagen.</p> <h3>Sfeervolle uitstraling</h3> <p>Met een mooie <strong>kerstballenprint</strong> tegen een elegante beige achtergrond creëer je meteen een warme, gezellige tafelsetting waar familie en vrienden zich welkom voelen. Of je nu een uitgebreid kerstdiner organiseert of een knusse brunch op eerste kerstdag: het tafelzeil past perfect bij jouw kerstmoment.</p> <h3>Praktisch en beschermd</h3> <p>Het <strong>PVC-materiaal</strong> biedt niet alleen een luxe uitstraling, maar ook eenvoudige onderhoudsmogelijkheden: gemorste drankjes, restjes na het diner of zelfs spelende kinderen? Geen probleem. Het tafelzeil is <strong>afwasbaar</strong> en veeg je moeiteloos schoon met een vochtige doek—zodat je tafel beschermd blijft tegen vlekken en brandplekjes door hete pannen. (Tip: gebruik onderzetters voor extra veiligheid.)</p> <h3>Geschikt voor jouw tafel</h3> <p>Met een standaard breedte van 140 cm zie je het product meteen goed terugkomen in advertenties. De lengte varieert (zie variantspecificatie), zodat je kiest wat past bij jouw tafel—rechthoekig of langer uitlopend. Kies voor een variant die past bij jouw salon of eetkamer. Dankzij het materiaal is het tafelzeil zowel mooi als functioneel.</p> <h3>Waarom kiezen voor Raved?</h3> <p>Brand & burn-out van je interieur? Niet met dit tafelzeil. Raved heeft een stevig tafelzeil ontwikkeld dat de kerstsfeer combineert met gemak. Geen stress meer over rondslingerende servetten of onverwachte wijnvlekken—met dit tafelzeil zit je goed. Andere gebruikers gingen je voor en waarderen de combinatie van print + kwaliteit.<br />Voel je uitgeblust na het opruimen? Met dit afwasbare tafelzeil ben je sneller klaar en kun je écht genieten van je maaltijd en gezelschap.</p> <h3>Gebruik & onderhoud</h3> <ul> <li> <p>Leg het tafelzeil vlak op je tafel; indien te lang kun je overtollig materiaal aan de zijkant wegsnijden of omvouwen.</p> </li> <li> <p>Veeg vuil direct weg met een vochtige doek; het PVC-materiaal behoudt zijn kwaliteit en print.</p> </li> <li> <p>Berg het tafelzeil schoon en droog op voor hergebruik komende jaren—zo is jouw aankoop een slimme investering in jouw kerstsfeer.</p> </li> </ul> <h3>Call-to-action</h3> <p>Maak jouw kersttafel af met dit stijlvolle én praktische tafelzeil—klik op ‘Toevoegen aan winkelwagen’ en leg vandaag nog de basis voor een zorgeloze en sfeervolle feestmaaltijd.</p>",1,999,,,,,,,Tafellaken,"Tafellaken,PVC,Tafelzeil,Rechthoek,Overig,Print,Raved","https://media.s-bol.com/O2EPwEV0O8PE/3Mgwpx/1200x594.jpg, https://media.s-bol.com/D21lnj736Kmk/mr9kYR/550x467.jpg, https://media.s-bol.com/xBnw4MNK8AQn/mr9kYR/550x550.jpg, https://media.s-bol.com/yDoxgNOL7BRw/mr9kYR/550x399.jpg, https://media.s-bol.com/zEvyjONMQD07/mr9kYR/550x500.jpg, https://media.s-bol.com/nPmNDvmw5GAD/mAOmQ9/550x488.jpg, https://media.s-bol.com/m0APnGE49O0R/42yRqx/550x550.jpg",,Raved,,Size,"140 x 50 cm, 140 x 100 cm, 140 x 140 cm, 140 x 160 cm, 140 x 180 cm, 140 x 200 cm, 140 x 220 cm, 140 x 230 cm, 140 x 240 cm, 140 x 250 cm, 140 x 260 cm, 140 x 270 cm, 140 x 280 cm, 140 x 290 cm, 140 x 300 cm, 140 x 310 cm, 140 x 320 cm, 140 x 330 cm",0,0,140 x 50 cm,,,,,
variation,9503591645328,Raved Tafelzeil 140 cm x 50 cm – Kerst Rendieren Blauw – PVC - Afwasbaar,1,,visible,,,1,999,,,,,23.95,43.89,Tafellaken,,https://media.s-bol.com/xgk8R8yjzv8B/66pM5VV/1200x1200.jpg,RAV-RAVEDTAFEL-9300000133865809,Raved,0,Size,140 x 50 cm,,0,,,,,,
variation,9506785961921,Raved Tafelzeil – 140 cm x 100 cm – Kerstballen Beige – PVC – Afwasbaar,1,,visible,,,1,999,,,,,23.95,43.89,Tafellaken,,https://media.s-bol.com/mn2Y32n9ymNA/GpJ828/1200x594.jpg,RAV-RAVEDTAFEL-9300000133865809,Raved,1,Size,140 x 100 cm,,0,,,,,,
variation,9503115888637,Raved Tafelzeil – 140 cm x 140 cm – Kerstballen Beige – PVC – Afwasbaar,1,,visible,,,1,999,,,,,23.95,43.89,Tafellaken,,https://media.s-bol.com/YnQyKQLmkQ8A/zLDXEm/1200x594.jpg,RAV-RAVEDTAFEL-9300000133865809,Raved,2,Size,140 x 140 cm,,0,,,,,,
variation,9502934147369,Raved Tafelzeil 140 cm x 160 cm – Kerst Rendieren Blauw – PVC - Afwasbaar,1,,visible,,,1,999,,,,,23.95,43.89,Tafellaken,,https://media.s-bol.com/7R3YgYW0100r/0gjM63y/1200x1200.jpg,RAV-RAVEDTAFEL-9300000133865809,Raved,3,Size,140 x 160 cm,,0,,,,,,
variation,9509997575795,Raved Tafelzeil – 140 cm x 180 cm – Kerstballen Beige – PVC – Afwasbaar,1,,visible,,,1,999,,,,,23.95,43.89,Tafellaken,,https://media.s-bol.com/E2Z0jZE6gBYN/JvMQ2P/1200x594.jpg,RAV-RAVEDTAFEL-9300000133865809,Raved,4,Size,140 x 180 cm,,0,,,,,,
variation,9508648428350,Raved Tafelzeil 140 cm x 200 cm – Kerst Rendieren Blauw – PVC - afwasbaar,1,,visible,,,1,999,,,,,23.95,43.89,Tafellaken,,https://media.s-bol.com/g0J8w8XJEVm6/wj6xBg1/1200x1200.jpg,RAV-RAVEDTAFEL-9300000133865809,Raved,5,Size,140 x 200 cm,,0,,,,,,
variation,9509791861995,Raved Tafelzeil 140 cm x 220 cm – Kerst Rendieren Blauw – PVC - Afwasbaar,1,,visible,,,1,999,,,,,23.95,43.89,Tafellaken,,https://media.s-bol.com/QMWjPjKG8B0M/oYWmqJB/1200x1200.jpg,RAV-RAVEDTAFEL-9300000133865809,Raved,6,Size,140 x 220 cm,,0,,,,,,
variation,9503498723570,Raved Tafelzeil 140 cm x 230 cm – Kerst Rendieren Blauw – PVC - Afwasbaar,1,,visible,,,1,999,,,,,23.95,43.89,Tafellaken,,https://media.s-bol.com/NJkXMXK3lO1m/8qrg5Yg/1200x1200.jpg,RAV-RAVEDTAFEL-9300000133865809,Raved,7,Size,140 x 230 cm,,0,,,,,,
variation,9508582669390,Raved Tafelzeil – 140 cm x 240 cm – Kerstballen Beige – PVC – Afwasbaar,1,,visible,,,1,999,,,,,23.95,43.89,Tafellaken,,https://media.s-bol.com/D2YQgYm8JyL5/5OkLrv/1200x594.jpg,RAV-RAVEDTAFEL-9300000133865809,Raved,8,Size,140 x 240 cm,,0,,,,,,
variation,9502113957239,Raved Tafelzeil 140 cm x 250 cm – Kerst Rendieren Blauw – PVC - Afwasbaar,1,,visible,,,1,999,,,,,23.95,43.89,Tafellaken,,https://media.s-bol.com/m5Z8D8NJXQR0/g5WygXG/1200x1200.jpg,RAV-RAVEDTAFEL-9300000133865809,Raved,9,Size,140 x 250 cm,,0,,,,,,
variation,9502437223980,Raved Tafelzeil – 140 cm x 260 cm – Kerstballen Beige – PVC – Afwasbaar,1,,visible,,,1,999,,,,,23.95,43.89,Tafellaken,,https://media.s-bol.com/mn2Y37qvQ9xp/DmD82q/1200x594.jpg,RAV-RAVEDTAFEL-9300000133865809,Raved,10,Size,140 x 260 cm,,0,,,,,,
variation,9504768324381,Raved Tafelzeil – 140 cm x 270 cm – Kerstballen Beige – PVC – Afwasbaar,1,,visible,,,1,999,,,,,23.95,43.89,Tafellaken,,https://media.s-bol.com/gGxn37XRxlyG/9VogyZ/1200x594.jpg,RAV-RAVEDTAFEL-9300000133865809,Raved,11,Size,140 x 270 cm,,0,,,,,,
variation,9502492522578,Raved Tafelzeil – 140 cm x 280 cm – Kerstballen Beige – PVC – Afwasbaar,1,,visible,,,1,999,,,,,23.95,43.89,Tafellaken,,https://media.s-bol.com/rvEm3ggXk5K6/2LPWoN/1200x594.jpg,RAV-RAVEDTAFEL-9300000133865809,Raved,12,Size,140 x 280 cm,,0,,,,,,
variation,9509688515970,Raved Tafelzeil – 140 cm x 290 cm – Kerstballen Beige – PVC – Afwasbaar,1,,visible,,,1,999,,,,,23.95,43.89,Tafellaken,,https://media.s-bol.com/xBV23oGLY1wl/6Pl9vl/1200x594.jpg,RAV-RAVEDTAFEL-9300000133865809,Raved,13,Size,140 x 290 cm,,0,,,,,,
variation,9508813545967,Raved Tafelzeil 140 cm x 300 cm – Kerst Rendieren Blauw – PVC - Afwasbaar,1,,visible,,,1,999,,,,,23.95,43.89,Tafellaken,,https://media.s-bol.com/zkpQWQ43yAR5/mwWkoX9/1200x1200.jpg,RAV-RAVEDTAFEL-9300000133865809,Raved,14,Size,140 x 300 cm,,0,,,,,,
variation,9504643273926,Raved Tafelzeil – 140 cm x 310 cm – Kerstballen Beige – PVC – Afwasbaar,1,,visible,,,1,999,,,,,23.95,43.89,Tafellaken,,https://media.s-bol.com/3pQPDNJnZZlx/REVXzE/1200x1019.jpg,RAV-RAVEDTAFEL-9300000133865809,Raved,15,Size,140 x 310 cm,,0,,,,,,
variation,9504991954744,Raved Tafelzeil 140 cm x 320 cm – Kerst Rendieren Blauw – PVC - Afwasbaar,1,,visible,,,1,999,,,,,23.95,43.89,Tafellaken,,https://media.s-bol.com/w1p2Q2yxYR6r/Z4EgJXw/1200x1200.jpg,RAV-RAVEDTAFEL-9300000133865809,Raved,16,Size,140 x 320 cm,,0,,,,,,
variation,9505527249587,Raved Tafelzeil 140 cm x 350 cm – Kerst Rendieren Blauw – PVC - Afwasbaar,1,,visible,,,1,999,,,,,23.95,43.89,Tafellaken,,https://media.s-bol.com/8V2WjWBN1NNL/1jkM87V/1200x1200.jpg,RAV-RAVEDTAFEL-9300000133865809,Raved,17,Size,140 x 330 cm,,0,,,,,,
simple,9504548551624,Raved Tafelzeil 140 140 - PVC - Afwasbaar,1,,visible,,"<p>Geef je tafel direct een stijlvolle upgrade met dit <strong>houten tegel-dessin tafelzeil</strong> van Raved. Dankzij de <strong>afwasbare PVC-laag</strong> is knoeien geen drama meer: <strong>bescherm je tafel én creëer sfeer</strong>.</p> <p>**Verbeter direct je tafelbeleving met het **Raved Tafelzeil Tegel Hout  Bruin PVC Afwasbaar — een perfecte mix van stijl, bescherming en praktisch gebruiksgemak.</p> <h3>Stijlvol en functioneel</h3> <p>Het <strong>primair zoekwoord</strong> “tafelzeil” komt hier prominent voor: dit tafelzeil met in de kleur <strong>bruin</strong>, heeft een elegant tegel-houtlook-design dat een warme, natuurlijke uitstraling geeft aan zowel je eetkamer als de tuinset. Dankzij het <strong>materiaal</strong> PVC is het oppervlak stevig, soepel en direct klaar voor gebruik.</p> <h3>Bescherming & onderhoud</h3> <p>Met dit tafelzeil is je tafel gelijk goed beschermd: de afwasbare PVC-laag zorgt ervoor dat gemorste koffie, saus of kruimels geen kans krijgen. Een snelle veeg met een vochtige doek of spons volstaat en je tafel oogt weer als nieuw. Geen gedoe meer met dure tafelkleden die kreuken of met moeilijk schoon te maken stof.</p> <h3>Binnen en buiten geschikt</h3> <p>Gebruik het tafelzeil zowel <strong>binnen als buiten</strong>: perfect voor de eettafel, tuintafel of serre. Let op: bij regen of langdurige bewolking verdient het de aanbeveling het tafelzeil binnen op te bergen om de levensduur te maximaliseren.</p> <h3>Productvoordelen in één overzicht</h3> <ul> <li> <p>Kleur: <strong>Bruin</strong>, design: tegel-houtlook — past bij naturel en industrieel interieur.</p> </li> <li> <p>Materiaal: <strong>PVC</strong>, vlek- en afwasbaar — maximaal gebruiksgemak.</p> </li> <li> <p>Merk: Raved — vertrouwd in tafeltextiel-accessoires.</p> </li> <li> <p>Eenvoudige schoonmaak & onderhoud — bespaart tijd en zorgt voor gemoedsrust.</p> </li> </ul> <h3>Waarom kiezen voor dit tafelzeil?</h3> <p>Stel je voor: een spontaan etentje, druk gezin of gezellige tuinmiddag. Dankzij dit tafelzeil hoef je je geen zorgen te maken over knoeien of tafelschade. Daarmee speel je in op de wens naar gemak én een mooie uitstraling. Het biedt echte <strong>bescherming</strong>, dat is de logische kant, én creëert direct <strong>sfeer</strong>, de emotionele kant. Nu kiezen is slim: zonder dit beschermende lagen sta je bloot aan vlekken, brandplekken of vocht—laten we dat liever voorkomen.</p> <h3>Call-to-action</h3> <p>Wacht niet langer: selecteer vandaag nog dit stijlvolle tafelzeil, leg het direct op je tafel en geniet van een verzorgde uitstraling <strong>én</strong> praktisch gemak. Geef je tafel de upgrade die hij verdient — klik op “in winkelwagen” en maak je interieur weer tiptop klaar!</p>",1,999,,,,,23.95,37.99,Tafellaken,"Tafellaken,PVC,Tafelzeil,Rechthoek,Overig,Hout,Raved","https://media.s-bol.com/KDr9PGRMq72G/g5WKZk3/1200x1200.jpg, https://media.s-bol.com/q1xLOorPjQOR/g5WKZk3/550x550.jpg, https://media.s-bol.com/g0JMAyN2gNzk/g5WKZk3/550x461.jpg, https://media.s-bol.com/Jzp7WgE7BJAJ/pxjn2Q/550x550.jpg, https://media.s-bol.com/o12XMm0NYZ3N/g5WKZk3/550x178.jpg, https://media.s-bol.com/m5ZNKknLwq1A/g5WKZk3/550x550.jpg, https://media.s-bol.com/w1p7XxAXJDOJ/g5WKZk3/550x550.jpg",,Raved,,,,,,,,,,,
variable,RAV-RAVEDTAFEL-9300000224779142,Raved Badmat Set - 75×45 + 50×40 - Memory Foam - Anti-Slip - Wasbaar - 2-delig,1,,visible,,"<p>tap uit de douche op <strong>een heerlijk zachte</strong> mat die direct een veilig gevoel geeft. De <strong>anti-slip onderlaag</strong> zorgt ervoor dat de mat stevig blijft zitten, terwijl de <strong>waterabsorberende kwaliteit</strong> je badkamervloer droog en netjes houdt.</p> <p>Ervaar elke dag pure luxe in je badkamer met de <strong>Raved Badkamermat – Zacht – Uitwasbaar – Waterabsorberend</strong>. Dankzij de slimme combinatie van comfort, veiligheid en onderhoudsgemak is dit de badkamermat die je langdurig zult waarderen.</p> <h3>Uitstekend comfort</h3> <p>De zachte toplaag en comfortabele vulling geven je voeten direct een warm welkom zodra je uit de douche stapt. Hij past deze mat stijlvol in vrijwel elk badkamerinterieur — van modern minimalistisch tot klassiek warm.</p> <h3>Veiligheid voorop</h3> <p>De <strong>anti-slip onderlaag</strong> zorgt dat de mat stevig op z’n plaats blijft, zelfs op natte tegels of wanneer de vloervochtiger is dan normaal. Zo voorkom je uitglijden en stap je met vertrouwen elke ochtend je douche uit.</p> <h3>Functioneel & onderhoudsvriendelijk</h3> <p>Dankzij de <strong>waterabsorberende structuur</strong> wordt vocht direct opgenomen waardoor je vloer sneller droog is en minder kans op glibberige plekken. De mat is bovendien <strong>machinewasbaar</strong> op 30 °C, waardoor hij eenvoudig te reinigen is en langer mooi blijft. Ideaal voor dagelijks gebruik zonder concessies.</p> <h3>Specificaties in één oogopslag</h3> <ul> <li> <p>Materiaal: Zacht tekstiel met vulling (comfortlaag) + antislip onderkant</p> </li> <li> <p>Onderhoud: Wasbaar op 30 °C</p> </li> </ul> <h3>Waarom kiezen voor deze mat?</h3> <p>Je investeert niet alleen in een decoratief element, maar ook in veiligheid en comfort. Of je nu ’s ochtends snel doucht of ’s avonds ontspannen in bad gaat — met deze mat verwen je jezelf bij elke stap uit de cabine. Tegelijkertijd behoudt je badkamer een opgeruimde uitstraling doordat vocht direct wordt opgenomen. Geen plassen op de vloer, geen natte voeten.</p> <h3>Call‐to‐action</h3> <p>Transformeer je badkamer vandaag nog met deze luxe badkamermat en geniet van comfort én veiligheid. Klik op “Toevoegen aan winkelwagen” en geef je badkamer het warme welkom dat hij verdient!</p>",1,999,,,,,,,Badkamermat,"Badkamermat,Polyester,Rechthoek,Effen,Raved,Foam; Rubber",https://media.s-bol.com/j12P1JZ70NLB/58okMZY/1200x1200.jpg,,Raved,,Size,"45 x 120 cm, 120 x 120 cm",0,0,45 x 120 cm,,,,,
variation,9504837281379,Raved Badmat Set – 75 × 45 cm + 50 × 40 cm – Lichtgrijs – Memory Foam – Anti-Slip – Wasbaar – 2-delig,1,,visible,,,1,999,,,,,28.95,28.95,Badkamermat,,https://media.s-bol.com/q1RjnY73NKgG/98vD2wY/1200x641.jpg,RAV-RAVEDTAFEL-9300000224779142,Raved,0,Size,,,0,,,,,,
variation,9505466831485,Raved Badmat Set – 75×45 cm + 50×40 cm – Bruin – Memory Foam – Anti-Slip – Wasbaar – 2-delig,1,,visible,,,1,999,,,,,28.95,28.95,Badkamermat,,https://media.s-bol.com/q1j9rZPpJxv7/lOWlEyJ/1200x1200.jpg,RAV-RAVEDTAFEL-9300000224779142,Raved,1,Size,45 x 120 cm,,0,,,,,,
variation,9503772232958,Raved Badmat Set – 75×45 cm + 50×40 cm – Lichtbruin – Memory Foam – Anti-Slip – Wasbaar – 2-delig,1,,visible,,,1,999,,,,,28.95,28.95,Badkamermat,,https://media.s-bol.com/3NlGyvBy5yPx/0gjNXPL/1200x1200.jpg,RAV-RAVEDTAFEL-9300000224779142,Raved,2,Size,120 x 120 cm,,0,,,,,,
simple,9508162269279,Raved Tafelzeil – 140 cm x 60 cm – Kerst Metallic Grijs – PVC – Afwasbaar,1,,visible,,"<p>Ontdek het elegante <strong>metallic grijs tafelzeil</strong> van Raved – gemaakt van <strong>duurzaam PVC</strong>, <strong>afwasbaar</strong> en direct klaar voor uw feesttafel. Bescherm uw tafel tegen knoeien, kringen en brandplekken, én creëer direct een sfeervolle setting voor kerst of nieuwjaar.</p> <p>Breng luxueuze sfeer en zorgeloze functionaliteit samen met het <strong>Raved tafelzeil in Metallic Grijs</strong>, vervaardigd uit hoogwaardig <strong>PVC</strong> en volledig <strong>afwasbaar</strong>. Dit tafelzeil is speciaal ontworpen voor feestelijke gelegenheden — denk aan kerst, oud & nieuw of een stijlvolle diner-avond — maar is ook perfect voor dagelijks gebruik wanneer u een elegante basis wilt zonder permanent risico op vlekken of beschadiging.</p> <h3>Bescherm en decoreer</h3> <p>past dit tafelzeil uitstekend op kleinere of gemiddelde eettafels, waardoor u direct een verzorgde look creëert. Het metallic grijze design reflecteert licht subtiel en voegt een feestelijk, modern accent toe aan uw interieur. Tegelijkertijd voorkomt het tafelzeil knoeien, kringen van hete pannen of brandplekken — zo hoeft u zich minder zorgen te maken en kunt u gerust aanschuiven.</p> <h3>Materialen & onderhoud</h3> <p>Het tafelzeil is vervaardigd uit <strong>PVC</strong>, een materiaal dat bekend staat om zijn duurzaamheid, water- en vuilbestendigheid en eenvoudige reiniging. Dankzij de afwasbare afwerking veegt u het schoon met een vochtige doek — geen gedoe met wassen of langdurig onderhouden. Dankzij deze praktische eigenschappen wordt het tafelzeil zowel functioneel als stijlvol onderdeel van uw inrichting.</p> <h3>Veelzijdig gebruik</h3> <p>Of u nu een intieme kerstlunch organiseert, een glamour-avond met vrienden of gewoon iedere dag een nettere tafel wenst — dit tafelzeil past perfect. Het metallic grijs combineert uitstekend met warme houttinten, glanzende accessoires of feestelijke decoraties. Dankzij het beschermende karakter is het bovendien ideaal voor gezinnen met kinderen, huisdieren of gasten.</p> <h3>Waarom dit tafelzeil?</h3> <ul> <li> <p><strong>Elegant design</strong>: metallic grijs brengt feestelijke luxe naar uw tafel</p> </li> <li> <p><strong>Bescherming & gemak</strong>: vermijdt brandplekken, vlekken en knoeien</p> </li> <li> <p><strong>Gebruiksvriendelijk</strong>: eenvoudig schoon te maken en direct in gebruik</p> </li> <li> <p><strong>Veelzijdig inzetbaar</strong>: geschikt voor feestdagen én dagelijks gebruik</p> </li> </ul> <p>Aarzel niet en geef uw eettafel de upgrade die hij verdient. Bestel vandaag nog het <strong>Raved tafelzeil – Metallic Grijs</strong> en geniet van stijl, huiselijke warmte en gemoedsrust tijdens elke maaltijd <strong>— klik op ‘In winkelwagen’ en maak uw tafel klaar voor de spotlight</strong>.</p>",1,999,,,,,,,Tafellaken,"Tafellaken,PVC,Tafelzeil,Rechthoek,Effen,Raved",https://media.s-bol.com/xBV24rX0EKkJ/QDl6WZ/1200x562.jpg,,Raved,,,,,,,,,,,
variable,RAV-RAVEDTAFEL-9300000087622523,Raved Kerst Tafelzeil - Kerstman 140 140 - Rood - PVC - Afwasbaar,1,,visible,,"<p>Breng instant kerstsfeer in huis met dit <strong>afwasbare pvc-tafelzeil</strong> van Raved in rood met een vrolijke <strong>kerstman-print</strong>. Perfect voor een zorgeloos kerstdiner: <strong>beschermt je tafel tegen morsen en brandplekken</strong>, terwijl het direct décor toevoegt.</p> <p>Maak je klaar voor de feestdagen met dit prachtige <strong>kerst tafelzeil</strong> van Raved — een stijlvolle en praktische toevoeging aan jouw kerstdiner. Dankzij de opvallende <strong>kerstman-print</strong>, de warme rode kleur en het <strong>afwasbare pvc-materiaal</strong>, combineert dit zeil een gezellige uitstraling met ultiem gebruiksgemak.</p> <h3>Sfeervol & beschermend</h3> <p>Met dit tafelzeil creëer je direct een warme, feestelijke ambiance. De print met kerstman en kerstornamenten zorgt ervoor dat je tafel straalt zonder gedoe. Tegelijkertijd biedt het een betrouwbare bescherming: morsen, kruimels, hete pannen en speelse kinderen zijn geen probleem meer. Dankzij het <strong>duurzame pvc-materiaal</strong> blijft je tafel netjes en feestelijk.</p> <h3>Hoogwaardig materiaal & onderhoud</h3> <p>Gemaakt van stevig pvc/kunststof dat eenvoudig af te nemen is — een natte doek is vaak al voldoende. Dit maakt het ideaal voor drukke dagen en gezinnen. Door de afwasbaarheid werk je efficiënter en voorkom je stress, waardoor je volop kunt genieten van de kerstsfeer.</p> <h3>Flexibel in gebruik</h3> <p>Of je nu kiest voor een kleinere of grotere tafel, dit tafelzeil is in verschillende lengtes verkrijgbaar — ideaal voor zowel intieme diners als grotere familiebijeenkomsten. Het neutrale maar opvallende rood en de klassieke kerstman-print passen in zowel moderne als traditionele woonstijlen.</p> <h3>Waarom kiezen voor dit tafelzeil?</h3> <ul> <li> <p><strong>Betaalbare luxe</strong>: je hoeft niet te investeren in dure tafelkleden om sfeer te creëren.</p> </li> <li> <p><strong>Praktisch en schoon</strong>: minder schoonmaaktijd betekent meer tijd om te genieten.</p> </li> <li> <p><strong>Veiligheid & comfort</strong>: stevige tafelbedekking die slijtage minimaliseert en jouw tafel beschermt.</p> </li> <li> <p><strong>Direct klaar voor gebruik</strong>: je legt het neer en de kersttafel is klaar, geen gestress.</p> </li> </ul> <h3>Laat geen moment verloren gaan</h3> <p>Zorg dat je tafel er klaar voor is vóór het kerstdiner begint. Dankzij dit tafelzeil voelt iedere maaltijd meteen speciaal. Kies voor comfort, functionaliteit en sfeer — zet vandaag nog de stap naar een gezellige en zorgeloze kerst. <strong>Voeg dit tafelzeil direct toe aan je winkelwagen en geef je tafel de feestlook die het verdient.</strong></p>",1,999,,,,,,,Tafellaken,"Tafellaken,PVC,Tafelzeil,Rechthoek,Overig,Print,Raved","https://media.s-bol.com/YnQyKMQLYjZO/lql7Vr/1200x596.jpg, https://media.s-bol.com/3pQPDDVBZq2n/QD8X79/550x468.jpg, https://media.s-bol.com/3pQPDDVoAEGp/QD8X79/550x550.jpg, https://media.s-bol.com/gPDQvmVmp8rD/8k1yj2/550x488.jpg, https://media.s-bol.com/7w12KKVNg0vB/QD8X79/550x399.jpg, https://media.s-bol.com/4qQP00GE1rR0/QD8X79/550x500.jpg, https://media.s-bol.com/gDyEpqWYolo9/62vxqL/550x550.jpg",,Raved,,Size,"140 x 50 cm, 140 x 100 cm, 140 x 140 cm, 140 x 160 cm, 140 x 180 cm, 140 x 200 cm, 140 x 220 cm, 140 x 230 cm, 140 x 240 cm, 140 x 250 cm, 140 x 260 cm, 140 x 270 cm, 140 x 280 cm, 140 x 290 cm, 140 x 300 cm, 140 x 310 cm, 140 x 320 cm, 140 x 330 cm",0,0,140 x 50 cm,,,,,
variation,9508185842787,Raved Tafelzeil 140 cm x 50 cm – Kerstman Rood – PVC – Afwasbaar,1,,visible,,,1,999,,,,,23.95,43.89,Tafellaken,,https://media.s-bol.com/qrVl3Z6QmRKy/8RnE7L/1200x596.jpg,RAV-RAVEDTAFEL-9300000087622523,Raved,0,Size,140 x 50 cm,,0,,,,,,
variation,9502464253394,Raved Tafelzeil 140 cm x 100 cm – Kerstman Rood – PVC – Afwasbaar,1,,visible,,,1,999,,,,,23.95,43.89,Tafellaken,,https://media.s-bol.com/Vk57EQJrw6m5/joj8Ml/1200x596.jpg,RAV-RAVEDTAFEL-9300000087622523,Raved,1,Size,140 x 100 cm,,0,,,,,,
variation,9501193351333,Raved Tafelzeil 140 cm x 140 cm – Kerstman Rood – PVC – Afwasbaar,1,,visible,,,1,999,,,,,23.95,43.89,Tafellaken,,https://media.s-bol.com/WlwQGqzo9PMn/3Mgw0x/1200x596.jpg,RAV-RAVEDTAFEL-9300000087622523,Raved,2,Size,140 x 140 cm,,0,,,,,,
variation,9507427378831,Raved Tafelzeil 140 cm x 160 cm – Kerstman Rood – PVC – Afwasbaar,1,,visible,,,1,999,,,,,23.95,43.89,Tafellaken,,https://media.s-bol.com/N2EYv8kq7gZ6/6Pl97l/1200x596.jpg,RAV-RAVEDTAFEL-9300000087622523,Raved,3,Size,140 x 160 cm,,0,,,,,,
variation,9507874765482,Raved Tafelzeil 140 cm x 180 cm – Kerstman Rood – PVC – Afwasbaar,1,,visible,,,1,999,,,,,23.95,43.89,Tafellaken,,https://media.s-bol.com/xBV23lkQv7Vn/4NjLDn/1200x596.jpg,RAV-RAVEDTAFEL-9300000087622523,Raved,4,Size,140 x 180 cm,,0,,,,,,
variation,9502831548139,Raved Tafelzeil 140 cm x 200 cm – Kerstman Rood – PVC – Afwasbaar,1,,visible,,,1,999,,,,,23.95,43.89,Tafellaken,,https://media.s-bol.com/YnQyKMEB3gQn/VLqQyW/1200x596.jpg,RAV-RAVEDTAFEL-9300000087622523,Raved,5,Size,140 x 200 cm,,0,,,,,,
variation,9503635398685,Raved Tafelzeil 140 cm x 220 cm – Kerstman Rood – PVC – Afwasbaar,1,,visible,,,1,999,,,,,23.95,43.89,Tafellaken,,https://media.s-bol.com/qrVl32l3W6Gp/XNv5AA/1200x596.jpg,RAV-RAVEDTAFEL-9300000087622523,Raved,6,Size,140 x 220 cm,,0,,,,,,
variation,9505759166218,Raved Tafelzeil 140 cm x 230 cm – Kerstman Rood – PVC – Afwasbaar,1,,visible,,,1,999,,,,,23.95,43.89,Tafellaken,,https://media.s-bol.com/R0MPzLOyvkqz/1KO4zP/1200x596.jpg,RAV-RAVEDTAFEL-9300000087622523,Raved,7,Size,140 x 230 cm,,0,,,,,,
variation,9506938323262,Raved Tafelzeil 140 cm x 240 cm – Kerstman Rood – PVC – Afwasbaar,1,,visible,,,1,999,,,,,23.95,43.89,Tafellaken,,https://media.s-bol.com/qrVl328DWLPG/rzr9NK/1200x596.jpg,RAV-RAVEDTAFEL-9300000087622523,Raved,8,Size,140 x 240 cm,,0,,,,,,
variation,9505833681712,Raved Tafelzeil 140 cm x 250 cm – Kerstman Rood – PVC – Afwasbaar,1,,visible,,,1,999,,,,,23.95,43.89,Tafellaken,,https://media.s-bol.com/B28PWn8KZY4x/2LPWAN/1200x596.jpg,RAV-RAVEDTAFEL-9300000087622523,Raved,9,Size,140 x 250 cm,,0,,,,,,
variation,9508165515298,Raved Tafelzeil 140 cm x 260 cm – Kerstman Rood – PVC – Afwasbaar,1,,visible,,,1,999,,,,,23.95,43.89,Tafellaken,,https://media.s-bol.com/YnQyKMQLYjZO/lql7Vr/1200x596.jpg,RAV-RAVEDTAFEL-9300000087622523,Raved,10,Size,140 x 260 cm,,0,,,,,,
variation,9501947144174,Raved Tafelzeil 140 cm x 270 cm – Kerstman Rood – PVC – Afwasbaar,1,,visible,,,1,999,,,,,23.95,43.89,Tafellaken,,https://media.s-bol.com/mn2Y3EGx6lL9/vEyZ7X/1200x596.jpg,RAV-RAVEDTAFEL-9300000087622523,Raved,11,Size,140 x 270 cm,,0,,,,,,
variation,9507723765144,Raved Tafelzeil 140 cm x 280 cm – Kerstman Rood – PVC – Afwasbaar,1,,visible,,,1,999,,,,,23.95,43.89,Tafellaken,,https://media.s-bol.com/O2EPwZqDKpMY/7QmX7r/1200x596.jpg,RAV-RAVEDTAFEL-9300000087622523,Raved,12,Size,140 x 280 cm,,0,,,,,,
variation,9502414361674,Raved Tafelzeil 140 cm x 290 cm – Kerstman Rood – PVC – Afwasbaar,1,,visible,,,1,999,,,,,23.95,43.89,Tafellaken,,https://media.s-bol.com/rvEm3Y59kEk2/LxOJ2A/1200x596.jpg,RAV-RAVEDTAFEL-9300000087622523,Raved,13,Size,140 x 290 cm,,0,,,,,,
variation,9509198957192,Raved Tafelzeil 140 cm x 300 cm – Kerstman Rood – PVC – Afwasbaar,1,,visible,,,1,999,,,,,23.95,43.89,Tafellaken,,https://media.s-bol.com/mn2Y3E8Q2mGR/5OkLEv/1200x596.jpg,RAV-RAVEDTAFEL-9300000087622523,Raved,14,Size,140 x 300 cm,,0,,,,,,
variation,9503951141354,Raved Tafelzeil 140 cm x 310 cm – Kerstman Rood – PVC – Afwasbaar,1,,visible,,,1,999,,,,,23.95,43.89,Tafellaken,,https://media.s-bol.com/gGxn3kKJVYOj/QDl72L/1200x596.jpg,RAV-RAVEDTAFEL-9300000087622523,Raved,15,Size,140 x 310 cm,,0,,,,,,
variation,9502987373548,Raved Tafelzeil 140 cm x 320 cm – Kerstman Rood – PVC – Afwasbaar,1,,visible,,,1,999,,,,,23.95,43.89,Tafellaken,,https://media.s-bol.com/4qkzB9ypgxJJ/xJA1Bq/1200x596.jpg,RAV-RAVEDTAFEL-9300000087622523,Raved,16,Size,140 x 320 cm,,0,,,,,,
variation,9509754766985,Raved Tafelzeil 140 cm x 350 cm – Kerstman Rood – PVC – Afwasbaar,1,,visible,,,1,999,,,,,23.95,43.89,Tafellaken,,https://media.s-bol.com/jkv03njRWgMy/wGzr8M/1200x596.jpg,RAV-RAVEDTAFEL-9300000087622523,Raved,17,Size,140 x 330 cm,,0,,,,,,
variable,RAV-RAVEDTAFEL-9300000167169882,Raved Kerst Tafelzeil - 140 140 - PVC - Afwasbaar,1,,visible,,"<p>Breng direct <strong>feestsfeer</strong> op tafel met dit <strong>kerst-tafelzeil</strong> in sneeuwvlokdesign, gemaakt van <strong>duurzaam PVC</strong> en <strong>afwasbaar</strong> voor moeiteloos onderhoud – ideaal voor een zorgeloos kerstdiner.</p> <p><strong>Beschrijving van het product</strong><br />Met het <strong>kerst tafelzeil</strong> van Raved in het elegante sneeuwvlok-design geef je jouw kersttafel direct een warme, feestelijke uitstraling. Het hoogwaardige <strong>PVC-materiaal</strong> is <strong>afwasbaar</strong>, waardoor gemorste wijn, saus of chocolademelk geen kans krijgt – jij nodigt uit, geniet en ruimt achteraf moeiteloos op.</p> <h3>Feestelijke sfeer & bescherming</h3> <p>Met het motif van sneeuwvlokken in zachte beige tint brengt dit tafelzeil een subtiele en stijlvolle kerstlook op je tafel. Maar het mooie uiterlijk is slechts één kant van het verhaal: onder de motieven schuilt een functionele beschermlaag die jouw tafel helpt vrijwaren van krassen, brandplekken door hete pannen of vlekken van kinderspel – zo blijft je tafel er na de feestdagen nog prachtig bij.</p> <h3>Onderhoudsgemak & praktische instelling</h3> <p>Dankzij het <strong>afwasbare PVC-oppervlak</strong> veeg je eenvoudig en snel schoon met een vochtige doek – geen gedoe met wassen of strijken. Ideaal als je meerdere gangen serveert, met gasten werkt of gewoon geen uren wilt besteden aan opruimen. En aangezien het zeil breed 140 cm is, past het moeiteloos across veel standaard eettafels.</p> <h3>Veelzijdige toepassing</h3> <p>Of je nu een intiem kerstdiner hebt met het gezin of een uitgebreide feesttafel deelt met vrienden en familie: dit tafelzeil is flexibel inzetbaar. Dankzij het klassieke design en de neutrale beige kleur kun je makkelijk combineren met servies, kaarslicht en accessoires zonder dat het overheerst – maar het voegt wel direct feestgevoel toe.</p> <h3>Waarom dit tafelzeil kiezen?</h3> <ul> <li> <p><strong>Sterke bescherming</strong>: je tafel blijft vrij van vlekken, krassen en hitteplekken.</p> </li> <li> <p><strong>Stijlvol design</strong>: sneeuwvlokkenmotief past perfect bij kerst en winter, én laat ruimte voor je eigen styling.</p> </li> <li> <p><strong>Onderhoudsarm</strong>: afnemen is voldoende; geen tijdverslindend onderhoud.</p> </li> <li> <p><strong>Direct sfeer</strong>: je tafel ziet er meteen feestelijk uit, zonder extra aankleding.</p> </li> <li> <p><strong>Duurzaam gebruik</strong>: het materiaal is stevig, waardoor je het seizoen na seizoen opnieuw kunt inzetten.</p> </li> </ul> <h3>Actie-call</h3> <p>Maak jouw kersttafel klaar voor het feest – kies dit sneeuwvlok tafelzeil van Raved en combineer stijl met gemak. <strong>Bestel nu</strong> en laat tijdens het diner alleen het genieten over – niet het schoonmaken.</p>",1,999,,,,,,,Tafellaken,"Tafellaken,PVC,Tafelzeil,Rechthoek,Overig,Print,Raved","https://media.s-bol.com/zkplV7jMlPqY/Q1rmL7q/1200x1200.jpg, https://media.s-bol.com/7R3JNpKZE8AG/Q1rmL7q/550x550.jpg, https://media.s-bol.com/mnOg4oLgPXpR/A0YXMP/550x467.jpg, https://media.s-bol.com/noxj4pMkAqGY/A0YXMP/550x550.jpg, https://media.s-bol.com/qr7m4vPnEEQ7/A0YXMP/550x399.jpg, https://media.s-bol.com/mnOg4oLjzp7E/A0YXMP/550x500.jpg, https://media.s-bol.com/JKmJzRjqYL6y/qpr99D/550x550.jpg, https://media.s-bol.com/xgkjO24KLZ6n/Q1rmL7q/550x550.jpg, https://media.s-bol.com/Z16XqzQBxnZE/Q1rmL7q/550x178.jpg, https://media.s-bol.com/JB6XGNwk733l/Q1rmL7q/550x550.jpg",,Raved,,Size,"140 x 50 cm, 140 x 100 cm, 140 x 140 cm, 140 x 160 cm, 140 x 180 cm, 140 x 200 cm, 140 x 220 cm, 140 x 230 cm, 140 x 240 cm, 140 x 250 cm, 140 x 260 cm, 140 x 270 cm, 140 x 280 cm, 140 x 290 cm, 140 x 300 cm, 140 x 310 cm, 140 x 320 cm, 140 x 330 cm",0,0,140 x 50 cm,,,,,
variation,9501895332937,Raved Tafelzeil Kerst – 140 cm x 50 cm – Winter Wit – PVC – Afwasbaar,1,,visible,,,1,999,,,,,23.95,43.89,Tafellaken,,https://media.s-bol.com/R0ODGyRz07wz/rzl7PW/1200x1019.jpg,RAV-RAVEDTAFEL-9300000167169882,Raved,0,Size,140 x 50 cm,,0,,,,,,
variation,9504471885674,Raved Tafelzeil Kerst – 140 cm x 100 cm – Winter Wit – PVC – Afwasbaar,1,,visible,,,1,999,,,,,23.95,43.89,Tafellaken,,https://media.s-bol.com/ZoYNQKq5oRMw/rzl7zk/1200x1019.jpg,RAV-RAVEDTAFEL-9300000167169882,Raved,1,Size,140 x 100 cm,,0,,,,,,
variation,9507287684813,Raved Tafelzeil Kerst – 140 cm x 140 cm – Winter Wit – PVC – Afwasbaar,1,,visible,,,1,999,,,,,23.95,43.89,Tafellaken,,https://media.s-bol.com/m5ZG07gJ6AMp/RgvXB3K/1200x1200.jpg,RAV-RAVEDTAFEL-9300000167169882,Raved,2,Size,140 x 140 cm,,0,,,,,,
variation,9503256371265,Raved Tafelzeil Kerst – 140 cm x 160 cm – Winter Wit – PVC – Afwasbaar,1,,visible,,,1,999,,,,,23.95,43.89,Tafellaken,,https://media.s-bol.com/v12DxmrpJEgX/vg6wJVX/1200x1200.jpg,RAV-RAVEDTAFEL-9300000167169882,Raved,3,Size,140 x 160 cm,,0,,,,,,
variation,9504637338167,Raved Tafelzeil Kerst – 140 cm x 180 cm – Winter Wit – PVC – Afwasbaar,1,,visible,,,1,999,,,,,23.95,43.89,Tafellaken,,https://media.s-bol.com/v12Dxmrvm66X/BgGvE3N/1200x1200.jpg,RAV-RAVEDTAFEL-9300000167169882,Raved,4,Size,140 x 180 cm,,0,,,,,,
variation,9508937572436,Raved Tafelzeil Kerst – 140 cm x 200 cm – Winter Wit – PVC – Afwasbaar,1,,visible,,,1,999,,,,,23.95,43.89,Tafellaken,,https://media.s-bol.com/4Ox4vWJqWnqx/8qrgYQL/1200x1200.jpg,RAV-RAVEDTAFEL-9300000167169882,Raved,5,Size,140 x 200 cm,,0,,,,,,
variation,9506865889923,Raved Tafelzeil Kerst – 140 cm x 220 cm – Winter Wit – PVC – Afwasbaar,1,,visible,,,1,999,,,,,23.95,43.89,Tafellaken,,https://media.s-bol.com/o127nAkkZJV3/y8WzkLP/1200x1200.jpg,RAV-RAVEDTAFEL-9300000167169882,Raved,6,Size,140 x 220 cm,,0,,,,,,
variation,9507932753574,Raved Tafelzeil Kerst – 140 cm x 230 cm – Winter Wit – PVC – Afwasbaar,1,,visible,,,1,999,,,,,23.95,43.89,Tafellaken,,https://media.s-bol.com/q1xDpAmk8yjG/2RlXJKN/1200x1200.jpg,RAV-RAVEDTAFEL-9300000167169882,Raved,7,Size,140 x 230 cm,,0,,,,,,
variation,9506496119291,Raved Tafelzeil Kerst – 140 cm x 240 cm – Winter Wit – PVC – Afwasbaar,1,,visible,,,1,999,,,,,23.95,43.89,Tafellaken,,https://media.s-bol.com/zkplV7jMlPqY/Q1rmL7q/1200x1200.jpg,RAV-RAVEDTAFEL-9300000167169882,Raved,8,Size,140 x 240 cm,,0,,,,,,
variation,9508832539398,Raved Tafelzeil Kerst – 140 cm x 250 cm – Winter Wit – PVC – Afwasbaar,1,,visible,,,1,999,,,,,23.95,43.89,Tafellaken,,https://media.s-bol.com/BqBQX1jMMOBN/Q1rXL9L/1200x1200.jpg,RAV-RAVEDTAFEL-9300000167169882,Raved,9,Size,140 x 250 cm,,0,,,,,,
variation,9501633357468,Raved Tafelzeil Kerst – 140 cm x 260 cm – Winter Wit – PVC – Afwasbaar,1,,visible,,,1,999,,,,,23.95,43.89,Tafellaken,,https://media.s-bol.com/7R3OyDB8pJO8/AnErO3P/1200x1200.jpg,RAV-RAVEDTAFEL-9300000167169882,Raved,10,Size,140 x 260 cm,,0,,,,,,
variation,9501453234598,Raved Tafelzeil Kerst – 140 cm x 270 cm – Winter Wit – PVC – Afwasbaar,1,,visible,,,1,999,,,,,23.95,43.89,Tafellaken,,https://media.s-bol.com/3N1OrYPA9Gvx/ElLyQ30/1200x1200.jpg,RAV-RAVEDTAFEL-9300000167169882,Raved,11,Size,140 x 270 cm,,0,,,,,,
variation,9504625558164,Raved Tafelzeil Kerst – 140 cm x 280 cm – Winter Wit – PVC – Afwasbaar,1,,visible,,,1,999,,,,,23.95,43.89,Tafellaken,,https://media.s-bol.com/g0J6D7NzKBD3/r0Wp7OK/1200x1200.jpg,RAV-RAVEDTAFEL-9300000167169882,Raved,12,Size,140 x 280 cm,,0,,,,,,
variation,9504786368411,Raved Tafelzeil Kerst – 140 cm x 290 cm – Winter Wit – PVC – Afwasbaar,1,,visible,,,1,999,,,,,23.95,43.89,Tafellaken,,https://media.s-bol.com/DvkPZwlKANrB/zmgAlMm/1200x1200.jpg,RAV-RAVEDTAFEL-9300000167169882,Raved,13,Size,140 x 290 cm,,0,,,,,,
variation,9508747465911,Raved Tafelzeil Kerst – 140 cm x 300 cm – Winter Wit – PVC – Afwasbaar,1,,visible,,,1,999,,,,,23.95,43.89,Tafellaken,,https://media.s-bol.com/j1RLgANNYJZl/Y6DZX3n/1200x1200.jpg,RAV-RAVEDTAFEL-9300000167169882,Raved,14,Size,140 x 300 cm,,0,,,,,,
variation,9507884144918,Raved Tafelzeil Kerst – 140 cm x 310 cm – Winter Wit – PVC – Afwasbaar,1,,visible,,,1,999,,,,,23.95,43.89,Tafellaken,,https://media.s-bol.com/BqBQX1jm1m2x/WnA1B3v/1200x1200.jpg,RAV-RAVEDTAFEL-9300000167169882,Raved,15,Size,140 x 310 cm,,0,,,,,,
variation,9508367622527,Raved Tafelzeil Kerst – 140 cm x 320 cm – Winter Wit – PVC – Afwasbaar,1,,visible,,,1,999,,,,,23.95,43.89,Tafellaken,,https://media.s-bol.com/r1kXqgnogWWK/76qMJPr/1200x1200.jpg,RAV-RAVEDTAFEL-9300000167169882,Raved,16,Size,140 x 320 cm,,0,,,,,,
variation,9509653784998,Raved Tafelzeil Kerst – 140 cm x 350 cm – Winter Wit – PVC – Afwasbaar,1,,visible,,,1,999,,,,,23.95,43.89,Tafellaken,,https://media.s-bol.com/Z16pr0NBDwJ8/Z4EgX7R/1200x1200.jpg,RAV-RAVEDTAFEL-9300000167169882,Raved,17,Size,140 x 330 cm,,0,,,,,,
variable,RAV-RAVEDTAFEL-9300000189772735,Raved Tafelzeil - 160 Rond - PVC - Afwasbaar - Extra sterk - Beschermrand,1,,visible,,"<p>Breng stijl en bescherming samen in één product: dit <strong>afwasbare PVC tafelzeil</strong> met print van paardenbloemen in <strong>grijs/beige</strong> geeft uw eetruimte een rustige, sfeervolle uitstraling terwijl <strong>vlekken en beschadigingen</strong> buiten blijven. Dankzij de <strong>extra sterke beschermrand</strong> blijft uw tafel er netjes uitzien – een slimme keuze voor dagelijks genieten.</p> <h3>Ontdek het verschil met dit <strong>tafelzeil</strong></h3> <p>Wilt u uw tafel beschermen én stijlvol inrichten? Met dit <strong>Raved tafelzeil – rond Ø 160 cm</strong> in de zachte kleurstelling <strong>grijs/beige</strong> met een subtiele <strong>paardenbloem-print</strong>, kiest u voor een combinatie van design en functionaliteit. Het materiaal is <strong>PVC</strong>, waardoor het eenvoudig af te nemen is — ideaal voor gezinnen, huisdieren of gezellige diners met vrienden.</p> <h3>Bescherming zonder concessies</h3> <p>Met een <strong>extra sterke beschermrand</strong> rondom krijgt uw tafel een echt schild tegen krassen, druppels en gemorste etensresten. U hoeft zich geen zorgen meer te maken over niet uitwasbare vlekken of blijvende tafelsporen. Het handige materiaal zorgt dat u snel weer aan tafel kunt — geen langdurig gedoe meer, gewoon genieten.</p> <h3>Perfecte maat en veelzijdig gebruik</h3> <p>De ronde vorm met Ø 160 cm is geschikt voor diverse eettafels. Of u nu binnen of buiten eet – dit tafelzeil past goed in zowel de woonkeuken als op het terras. Het subtiele grijs/beige design met paardenbloem-motief creëert rust en geeft net dat beetje extra sfeer. Combineer met neutrale stoelen en accessoires voor een stijlvolle setting.</p> <h3>Materiaal & onderhoud</h3> <p>– <strong>Materiaal</strong>: PVC — waterafstotend en afwasbaar.<br />– <strong>Print/Design</strong>: Paardenbloemmotief in grijstinten/beige — tijdloos en elegant. <br />– Rond Ø 160 cm — vermeld als maat in de titel voor zichtbaarheid.<br />– Onderhoud: eenvoudig schoon te vegen met een vochtige doek. Vermijd hardnekkige kleurstoffen uit voedingsmiddelen die kunnen intrekken. <br />– Geschikt voor binnen en buiten gebruik. </p> <h3>Sfeervol én praktisch</h3> <p>Stel u voor: een ontspannen familiediner zonder zorgen over morsen, een gezellige koffiebijeenkomst in de tuin waar het tafelzeil wél blijft liggen én wél mooi blijft. Dankzij de print blijft het niet een simpel beschermingsproduct – het is een onderdeel van uw interieur. En doordat het zo makkelijk te onderhouden is, bespaart u tijd — en tijd = leven.</p> <h3>Neem actie</h3> <p>Laat uw tafel weer stralen en ga voor <strong>duurzame bescherming + elegant design</strong> met dit Raved tafelzeil. Klik op ‘Toevoegen aan winkelwagen’ en geniet binnen een oogwenk van een veilige én stijlvolle eettafel. <strong>Uw tafel verdient dit – en u verdient verlichting van zorg!</strong></p>",1,999,,,,,,,Tafellaken,"Tafellaken,PVC,Tafelzeil,Rond,Overig,Gebloemd ,Tropisch, botansiche print,Raved",https://media.s-bol.com/7qRvqy3gPABG/2kDjq1M/1200x965.jpg,,Raved,,Size,"160 x 140 cm, 160 x 160 cm",0,0,160 x 140 cm,,,,,
variation,9507548474948,Raved Tafelzeil - 140 cm Rond - Getekende Takken Groen - PVC - Afwasbaar - Extra sterk - Beschermrand,1,,visible,,,1,999,,,,,27.95,27.95,Tafellaken,,https://media.s-bol.com/BGqKYq7pr2v2/31VkrKA/1200x965.jpg,RAV-RAVEDTAFEL-9300000189772735,Raved,0,Size,160 x 140 cm,,0,,,,,,
variation,5603272162558,Raved Tafelzeil - 160 cm Rond - Tropisch Blauw - PVC - Afwasbaar - Extra sterk - Beschermrand,1,,visible,,,1,999,,,,,27.95,27.95,Tafellaken,,https://media.s-bol.com/kW3PNmBxN1zr/0RD4jjK/1200x965.jpg,RAV-RAVEDTAFEL-9300000189772735,Raved,1,Size,160 x 160 cm,,0,,,,,,
variable,RAV-RAVEDTAFEL-9300000177253128,Raved Tafelzeil Gekleurde Ruitjes 140 140 - PVC - Afwasbaar,1,,visible,,"<p>Bescherm je tafel in stijl met het <strong>duurzame PVC-tafelzeil van Raved</strong> uitgevoerd in een vrolijk <strong>gekleurde ruitjes-print</strong>. Dankzij de <strong>afwasbare afwerking</strong> is het perfect voor drukke gezinnen of gezellige buitenmaaltijden — direct klaar voor je volgende samenkomst!</p> <p>**Ontdek het veelzijdige en stijlvolle <strong>Raved tafelzeil in dé combinatie van <strong>functionaliteit</strong>, <strong>sfeer</strong> en gemak voor jouw eetplek.</strong></p> <h3>Bescherming en gemak in één</h3> <p>Met dit <strong>PVC-tafelzeil</strong> ben je verzekerd van een stevige, afwasbare laag die je tafel effectief beschermt tegen <strong>vlekken, krassen en vloeistoffen</strong>. Ideaal voor dagelijks gebruik met kinderen of huisdieren, maar ook voor buiten op het terras: geen zorgen meer over knoeien of regenplasjes.</p> <h3>Een vrolijk design dat uitnodigt</h3> <p>Het patroon met <strong>gekleurde ruitjes</strong> geeft direct een gezellige, warme uitstraling aan je tafel — of je nu binnen een familiediner hebt of ’s zomers een barbecue organiseert. Het ontwerp is tijdloos maar toch speels: perfect als blikvanger zonder dat het overheersend wordt.</p> <h3>Geschikt voor binnen én buiten</h3> <p>Dankzij het duurzame materiaal is het tafelzeil geschikt voor zowel binnengebruik in de keuken of eetkamer, als buiten op balkon, terras of veranda. Je kiest voor comfort en rust: lekker samen aan tafel zonder stil te staan bij beschadigingen.</p> <h3>Specificaties in één oogopslag</h3> <ul> <li> <p><strong>Materiaal</strong>: PVC — waterafstotend, snel schoon te maken.</p> </li> <li> <p><strong>Print/kleur</strong>: Gekleurde ruitjes — vrolijk, huiselijk, en passend in veel interieurstijlen.</p> </li> <li> <p>Onderhoud: eenvoudig schoon te vegen met een vochtige doek — geen dure reinigingsmiddelen nodig.</p> </li> <li> <p>Gebruik: geschikt voor dagelijks gebruik binnen en buiten.</p> </li> </ul> <h3>Waarom deze keuze maken?</h3> <p>Door dit tafelzeil kies je voor een doordachte investering: een prachtig accessoire op tafel <strong>én</strong> bescherming voor je meubel. Je voorkomt frustraties over vlekken of slijtage én creëert direct een uitnodigende sfeer. En als je onverwacht bezoek hebt of snel wilt omschakelen van binnen- naar buitengebruik — dit zeil staat paraat.</p> <h3>Actiegerichte tip</h3> <p>Wacht niet tot je tafel beschadigd is of knoei­problemen hebt: kies nu voor direct gemak en stijl. Transformeer je eetplek vandaag nog met het <strong>Raved tafelzeil – PVC afwasbaar – gekleurde ruitjes</strong> en ervaar elke keer weer de combinatie van comfort en sfeer. <strong>Bestel direct</strong> en geniet van je tafel zonder zorgen!</p>",1,999,,,,,,,Tafellaken,"Tafellaken,PVC,Tafelzeil,Rechthoek,Gebloemd,Bloemen,Raved","https://media.s-bol.com/1Lw77PVAnPy0/GZNxYq5/1200x1200.jpg, https://media.s-bol.com/j1RJJNArW1Zy/GZNxYq5/550x550.jpg, https://media.s-bol.com/2MkJJQGZl5gj/GZNxYq5/550x471.jpg, https://media.s-bol.com/NBG1OE183m5m/mZq4oMr/550x550.jpg, https://media.s-bol.com/VjWZv5Z0mQn1/mZq4oMr/550x488.jpg, https://media.s-bol.com/RN6BBD8qBw5z/GZNxYq5/550x550.jpg, https://media.s-bol.com/Z16XXNZQooxQ/GZNxYq5/550x550.jpg, https://media.s-bol.com/xgkjjw8zvgN9/GZNxYq5/550x178.jpg",,Raved,,Size,"140 x 20 cm, 140 x 50 cm, 140 x 100 cm, 140 x 140 cm, 140 x 160 cm, 140 x 180 cm, 140 x 200 cm, 140 x 220 cm, 140 x 230 cm, 140 x 240 cm, 140 x 250 cm, 140 x 270 cm, 140 x 280 cm, 140 x 290 cm, 140 x 300 cm, 140 x 310 cm, 140 x 320 cm, 140 x 350 cm",0,0,140 x 20 cm,,,,,
variation,9509137796981,Raved – Tafelzeil – 140 × 260 cm – Gekleurde ruitjes – PVC – Afwasbaar – binnen/buiten,1,,visible,,,1,999,,,,,23.95,37.99,Tafellaken,,https://media.s-bol.com/RN6BBDMKXKkL/NxojEA8/1200x1200.jpg,RAV-RAVEDTAFEL-9300000177253128,Raved,0,Size,140 x 20 cm,,0,,,,,,
variation,9507694332925,Raved – Tafelzeil – 140 × 50 cm – Gekleurde ruitjes – PVC – Afwasbaar – binnen/buiten,1,,visible,,,1,999,,,,,23.95,37.99,Tafellaken,,https://media.s-bol.com/Y8EXXNVPnNKO/AnEoQGj/1200x1200.jpg,RAV-RAVEDTAFEL-9300000177253128,Raved,1,Size,140 x 50 cm,,0,,,,,,
variation,9505327197644,Raved – Tafelzeil – 140 × 100 cm – Gekleurde ruitjes – PVC – Afwasbaar – binnen/buiten,1,,visible,,,1,999,,,,,23.95,37.99,Tafellaken,,https://media.s-bol.com/7R3JJAjP61ZB/vg65YBn/1200x1200.jpg,RAV-RAVEDTAFEL-9300000177253128,Raved,2,Size,140 x 100 cm,,0,,,,,,
variation,9508959452822,Raved – Tafelzeil – 140 × 140 cm – Gekleurde ruitjes – PVC – Afwasbaar – binnen/buiten,1,,visible,,,1,999,,,,,23.95,37.99,Tafellaken,,https://media.s-bol.com/RN6BBDLlVA3q/BgGp80o/1200x1200.jpg,RAV-RAVEDTAFEL-9300000177253128,Raved,3,Size,140 x 140 cm,,0,,,,,,
variation,9506545529712,Raved – Tafelzeil – 140 × 160 cm – Gekleurde ruitjes – PVC – Afwasbaar – binnen/buiten,1,,visible,,,1,999,,,,,23.95,37.99,Tafellaken,,https://media.s-bol.com/6Q8VV4YJvvlO/r0W5ExL/1200x1200.jpg,RAV-RAVEDTAFEL-9300000177253128,Raved,4,Size,140 x 160 cm,,0,,,,,,
variation,9508427599479,Raved – Tafelzeil – 140 × 180 cm – Gekleurde ruitjes – PVC – Afwasbaar – binnen/buiten,1,,visible,,,1,999,,,,,23.95,37.99,Tafellaken,,https://media.s-bol.com/6Q8VV4Y1pQXO/P1qlMD6/1200x1200.jpg,RAV-RAVEDTAFEL-9300000177253128,Raved,5,Size,140 x 180 cm,,0,,,,,,
variation,9509513465425,Raved – Tafelzeil – 140 × 200 cm – Gekleurde ruitjes – PVC – Afwasbaar – binnen/buiten,1,,visible,,,1,999,,,,,23.95,37.99,Tafellaken,,https://media.s-bol.com/RN6BBD8qB8PV/MjngEz1/1200x1200.jpg,RAV-RAVEDTAFEL-9300000177253128,Raved,6,Size,140 x 200 cm,,0,,,,,,
variation,9505186877626,Raved – Tafelzeil – 140 × 220 cm – Gekleurde ruitjes – PVC – Afwasbaar – binnen/buiten,1,,visible,,,1,999,,,,,23.95,37.99,Tafellaken,,https://media.s-bol.com/8V2YY0XVZmrj/LgmDYyv/1200x1200.jpg,RAV-RAVEDTAFEL-9300000177253128,Raved,7,Size,140 x 220 cm,,0,,,,,,
variation,9507229911762,Raved – Tafelzeil – 140 × 230 cm – Gekleurde ruitjes – PVC – Afwasbaar – binnen/buiten,1,,visible,,,1,999,,,,,23.95,37.99,Tafellaken,,https://media.s-bol.com/VROZZKJxZl0B/Q1rmNE5/1200x1200.jpg,RAV-RAVEDTAFEL-9300000177253128,Raved,8,Size,140 x 230 cm,,0,,,,,,
variation,9504955919239,Raved – Tafelzeil – 140 × 240 cm – Gekleurde ruitjes – PVC – Afwasbaar – binnen/buiten,1,,visible,,,1,999,,,,,23.95,37.99,Tafellaken,,https://media.s-bol.com/Z16XXNwXpV18/xGW5VEP/1200x1200.jpg,RAV-RAVEDTAFEL-9300000177253128,Raved,9,Size,140 x 240 cm,,0,,,,,,
variation,9502641366183,Raved – Tafelzeil – 140 × 250 cm – Gekleurde ruitjes – PVC – Afwasbaar – binnen/buiten,1,,visible,,,1,999,,,,,23.95,37.99,Tafellaken,,https://media.s-bol.com/gEyXZLqxXr26/zp6jG9m/1200x590.jpg,RAV-RAVEDTAFEL-9300000177253128,Raved,10,Size,140 x 250 cm,,0,,,,,,
variation,9505453874358,Raved – Tafelzeil – 140 × 270 cm – Gekleurde ruitjes – PVC – Afwasbaar – binnen/buiten,1,,visible,,,1,999,,,,,23.95,37.99,Tafellaken,,https://media.s-bol.com/OKY99zEXGXLg/KOlBYx8/1200x1200.jpg,RAV-RAVEDTAFEL-9300000177253128,Raved,11,Size,140 x 270 cm,,0,,,,,,
variation,9504484577474,Raved – Tafelzeil – 140 × 280 cm – Gekleurde ruitjes – PVC – Afwasbaar – binnen/buiten,1,,visible,,,1,999,,,,,23.95,37.99,Tafellaken,,https://media.s-bol.com/8V2YY0XZr5X2/zmg5BJ2/1200x1200.jpg,RAV-RAVEDTAFEL-9300000177253128,Raved,12,Size,140 x 280 cm,,0,,,,,,
variation,9508699324786,Raved – Tafelzeil – 140 × 290 cm – Gekleurde ruitjes – PVC – Afwasbaar – binnen/buiten,1,,visible,,,1,999,,,,,23.95,37.99,Tafellaken,,https://media.s-bol.com/1Lw77PVAnPy0/GZNxYq5/1200x1200.jpg,RAV-RAVEDTAFEL-9300000177253128,Raved,13,Size,140 x 290 cm,,0,,,,,,
variation,9503814191151,Raved – Tafelzeil – 140 × 300 cm – Gekleurde ruitjes – PVC – Afwasbaar – binnen/buiten,1,,visible,,,1,999,,,,,23.95,37.99,Tafellaken,,https://media.s-bol.com/j1RJJNA1ryWy/DRKrYnk/1200x1200.jpg,RAV-RAVEDTAFEL-9300000177253128,Raved,14,Size,140 x 300 cm,,0,,,,,,
variation,9504511793396,Raved – Tafelzeil – 140 × 310 cm – Gekleurde ruitjes – PVC – Afwasbaar – binnen/buiten,1,,visible,,,1,999,,,,,23.95,37.99,Tafellaken,,https://media.s-bol.com/VROZZKJMkKEB/JZkAYwy/1200x1200.jpg,RAV-RAVEDTAFEL-9300000177253128,Raved,15,Size,140 x 310 cm,,0,,,,,,
variation,9507933479794,Raved – Tafelzeil – 140 × 320 cm – Gekleurde ruitjes – PVC – Afwasbaar – binnen/buiten,1,,visible,,,1,999,,,,,23.95,37.99,Tafellaken,,https://media.s-bol.com/QMWLLBNKXKj7/ElLvZol/1200x1200.jpg,RAV-RAVEDTAFEL-9300000177253128,Raved,16,Size,140 x 320 cm,,0,,,,,,
variation,9505656694395,Raved – Tafelzeil – 140 × 350 cm – Gekleurde ruitjes – PVC – Afwasbaar – binnen/buiten,1,,visible,,,1,999,,,,,23.95,37.99,Tafellaken,,https://media.s-bol.com/XWDVV27XPpMo/y8W56GR/1200x1200.jpg,RAV-RAVEDTAFEL-9300000177253128,Raved,17,Size,140 x 350 cm,,0,,,,,,
simple,9508763899578,Raved Badkamermat Set – 75×45 cm + 50×40 cm – Golven – Zwart – Antislip – Uitwasbaar – Waterabsorberend – 2-delig,1,,visible,,"<p>Geef je badkamer een veilige én stijlvolle upgrade met deze <strong>slim ontworpen badkamermat</strong>: <strong>antislip</strong> voor maximale grip, <strong>uitwasbaar</strong> voor eenvoudig onderhoud en <strong>waterabsorberend</strong> – zodat je vloer droog blijft en je met gerust hart op blote voeten stapt.</p> <p><strong>Badkamermat</strong> is een essentieel onderdeel van jouw badkamerervaring. Met de **Raved Badkamermat Golven – Donker Grijs – 75 x 45 cm – Antislip – Uitwasbaar – Waterabsorberend kies je voor comfort, veiligheid én stijl in één.</p> <h3>Veiligheid en comfort</h3> <p>Na een warme douche stap je op de mat – met natte voeten op glanzende tegels ligt uitglijden op de loer. Dankzij de <strong>antislip-onderkant</strong> blijft deze mat stevig op zijn plaats, voor een gerust gevoel bij gebruik door jezelf, je partner of kinderen. Geen angst meer voor onveilige start van de dag.</p> <h3>Stijlvol design in donker grijs</h3> <p>Donker grijs is neutraal, chic én tijdloos. Het golvende patroon geeft subtiele textuur en zorgt ervoor dat de mat perfect past bij een moderne badkamerinrichting – van strak wit tot industriële tegelvloer. Zo geef je je badkamer een verzorgde uitstraling zonder teveel op te vallen.</p> <h3>Praktisch & onderhoudsvriendelijk</h3> <p>De maat 75 x 45 cm is optimaal voor langs het bad of onder de douche – ruim genoeg om comfortabel op te stappen, zonder te veel ruimte in te nemen. De mat is <strong>uitwasbaar</strong>, wat betekent dat je hem eenvoudig in de wasmachine kunt reinigen. Zodoende blijft hij fris, hygiënisch en klaar voor dagelijks gebruik.</p> <h3>Vochtcontrole en hygiëne</h3> <p>De toplaag is ontworpen om snel vocht op te nemen – dat betekent minder plasvorming op de vloer, minder kalkplekken, en een drogere omgeving die minder uitnodigt tot schimmelvorming. Dankzij deze <strong>waterabsorberende</strong> eigenschap behoudt je omgeving zijn hygiëne en frisheid.</p> <h3>Ideaal voor elk huishouden</h3> <p>Of je nu een druk gezin hebt, vaak gasten ontvangt of gewoon waarde hecht aan een nette en veilige badkamer: deze badkamermat is een slimme keuze. Geen compromis tussen stijl en functie: je krijgt beide. Wanneer je direct upgrade, ervaar je het verschil meteen – en voorkom je ongemak later.</p> <h3>Technische kenmerken in vogelvlucht</h3> <ul> <li> <p>Merk: Raved</p> </li> <li> <p>Maat: 75 x 45 cm</p> </li> <li> <p>Kleur: Zwart</p> </li> <li> <p>Patroon: Golven</p> </li> <li> <p>Eigenschappen: Antislip, Uitwasbaar, Waterabsorberend</p> </li> </ul> <p>Maak jouw badkamer vandaag weer van jou. Voeg deze Raved badkamermat toe aan je winkelwagen en stap morgen op een droge, veilige en stijlvolle manier uit de douche.</p>",1,999,,,,,,28.95,Badkamermat,"Badkamermat,Polyurethaan,Rechthoek,Overig,Raved","https://media.s-bol.com/q1jmj69KzqEk/Rgvm0mO/1200x1200.jpg, https://media.s-bol.com/r10n0B6zD7Zp/Rgvm0mO/550x396.jpg, https://media.s-bol.com/q1jmj69yB8Rp/Rgvm0mO/550x550.jpg",,Raved,,,,,,,,,,,
variable,RAV-RAVEDTAFEL-9300000179132658,Raved Tafelzeil 140 140 - PVC - Afwasbaar,1,,visible,,"<p>Breng moeiteloos sfeer én praktisch gemak naar je tafel met dit <strong>afwasbare PVC tafelzeil</strong> in rustgevend <strong>lavendel-motief</strong>. Bescherm je tafel tegen vlekken en krassen terwijl je geniet van een stijlvolle binnen- of buitensetting.</p> <p>Maak van iedere maaltijd een ontspannen beleving met dit <strong>tafelzeil</strong> van Raved, speciaal ontworpen voor wie stijl en gemak wil combineren. Het <strong>primair zoekwoord “tafelzeil”</strong> komt hier in de eerste alinea, zodat het direct duidelijk is wat het product is.</p> <h3>Sfeervolle bescherming voor je tafel</h3> <p>Het tafelzeil is uitgevoerd in <strong>PVC</strong>, een materiaal dat stevig is, licht in onderhoud en zeer geschikt voor dagelijks gebruik in een druk gezin of bij gezellige buitenetentjes. Het prachtige <strong>lavendel-motief</strong> zorgt voor een rustgevende uitstraling — denk aan een veld vol lavendel dat zich uitstrekt over je tafel: verfijnd, stijlvol, en perfect passend in moderne interieurs of landelijke tuinen.</p> <h3>Veelzijdig binnen en buiten</h3> <p>Of je nu binnen aan de eettafel zit of buiten op het terras geniet van koffie en taart, dit tafelzeil is gemaakt voor beide situaties. Dankzij het onderhoudsvriendelijke PVC-oppervlak kun je makkelijk gemorste koffie, taartglazuur of jus wegvegen — dus geen stress meer over vlekken of bubbeltjes. Volgens de productpagina is het eenvoudig schoon te maken met een vochtige doek. </p> <h3>Specificaties & voordelen</h3> <ul> <li> <p>Materiaal: <strong>PVC</strong> — duurzaam, water- en vuilafstotend, bestand tegen dagelijkse slijtage. </p> </li> <li> <p>Kleur / design: <strong>lavendel print</strong> — een zachte, natuurlijke tint die rust uitstraalt en jouw interieur of tuinsetting direct opwaardeert.</p> </li> <li> <p>Onderhoud: <strong>afwasbaar / afnemen met vochtige doek</strong> — ideaal voor gezinnen, feestjes, buitengebruik. </p> </li> <li> <p>Gebruik: geschikt voor binnen én buiten — je hoeft niet voor elk seizoen een ander kleed aan te schaffen.</p> </li> <li> <p>Eigenschappen: beschermt je tafel tegen krassen, vlekken en vocht — zo blijft je tafel mooi en hoef je minder vaak te vervangen of te repareren.</p> </li> </ul> <h3>Waarom kiezen voor dit tafelzeil?</h3> <p>De emotie speelt hier mee: je wilt geen last van knoeien, vlekken of een tafel die snel versleten is. Met dit tafelzeil kun je zonder zorgen aanschuiven — de praktische bescherming zorgt dat je tafel veilig is, terwijl het lavendel-design je eetmoment opwaardeert. Je creëert sfeer zonder in te boeten op functionaliteit. En logistiek gezien: minder zorgen over tafelzeil dat snel slijt of moeilijk schoon te maken is — dat betekent een betere koopervaring én minder herhaalbestelling door falende kwaliteit.</p> <h3>Call to action</h3> <p>Voeg vandaag nog dit stijlvolle en onderhoudsvriendelijke tafelzeil toe aan je winkelwagen en geef jouw tafel de bescherming én uitstraling die het verdient. Bestel nu en transformeer elke tafelsetting in een ontspannen en sfeervol moment.</p>",1,999,,,,,,,Tafellaken,"Tafellaken,PVC,Tafelzeil,Rechthoek,Gebloemd,Kersen - Bloemen - Zomer,Raved","https://media.s-bol.com/3NlGrM05ogox/Rgvmk8O/1200x1144.jpg, https://media.s-bol.com/7R6kyQM0kK4B/Rgvmk8O/550x550.jpg, https://media.s-bol.com/RNg7KErzQryV/Rgvmk8O/550x550.jpg, https://media.s-bol.com/Y86RYOBZM6gM/Rgvmk8O/550x178.jpg, https://media.s-bol.com/WVnRKM1RjW2X/Rgvmk8O/550x550.jpg, https://media.s-bol.com/n1ZPmvl7Xkop/Rgvmk8O/550x550.jpg",,Raved,,Size,"140 x 50 cm, 140 x 100 cm, 140 x 140 cm, 140 x 160 cm, 140 x 180 cm, 140 x 200 cm, 140 x 220 cm, 140 x 230 cm, 140 x 240 cm, 140 x 250 cm, 140 x 260 cm, 140 x 270 cm, 140 x 280 cm, 140 x 290 cm, 140 x 300 cm, 140 x 310 cm, 140 x 320 cm, 140 x 350 cm",0,0,140 x 50 cm,,,,,
variation,9502572146113,Raved Tafelzeil 140 cm x 50 cm – Lavendel print – PVC - Afwasbaar – Binnen & Buiten,1,,visible,,,1,999,,,,,23.95,43.89,Tafellaken,,https://media.s-bol.com/OK7RXAoKwEgR/MjnPNEO/1200x1144.jpg,RAV-RAVEDTAFEL-9300000179132658,Raved,0,Size,140 x 50 cm,,0,,,,,,
variation,9508753123584,Raved Tafelzeil 140 cm x 100 cm – Lavendel print – PVC - Afwasbaar – Binnen & Buiten,1,,visible,,,1,999,,,,,23.95,43.89,Tafellaken,,https://media.s-bol.com/Z14RGPgNGRyE/98voG3B/1200x1144.jpg,RAV-RAVEDTAFEL-9300000179132658,Raved,1,Size,140 x 100 cm,,0,,,,,,
variation,9509111792695,Raved Tafelzeil 140 cm x 140 cm – Lavendel print – PVC - Afwasbaar – Binnen & Buiten,1,,visible,,,1,999,,,,,23.95,43.89,Tafellaken,,https://media.s-bol.com/3NlGrM05ogox/Rgvmk8O/1200x1144.jpg,RAV-RAVEDTAFEL-9300000179132658,Raved,2,Size,140 x 140 cm,,0,,,,,,
variation,9502645436929,Raved Tafelzeil 140 cm x 160 cm – Lavendel print – PVC - Afwasbaar – Binnen & Buiten,1,,visible,,,1,999,,,,,23.95,43.89,Tafellaken,,https://media.s-bol.com/5P8gwOExVV1K/LgmO0YX/1200x1144.jpg,RAV-RAVEDTAFEL-9300000179132658,Raved,3,Size,140 x 160 cm,,0,,,,,,
variation,9504184591527,Raved Tafelzeil 140 cm x 180 cm – Lavendel print – PVC - Afwasbaar – Binnen & Buiten,1,,visible,,,1,999,,,,,23.95,43.89,Tafellaken,,https://media.s-bol.com/RNg7KErXLOZw/NxogX7D/1200x1200.jpg,RAV-RAVEDTAFEL-9300000179132658,Raved,4,Size,140 x 180 cm,,0,,,,,,
variation,9503766869559,Raved Tafelzeil 140 cm x 200 cm – Lavendel print – PVC - Afwasbaar – Binnen & Buiten,1,,visible,,,1,999,,,,,23.95,43.89,Tafellaken,,https://media.s-bol.com/r106qzqyy1zw/JZkMzYJ/1200x1144.jpg,RAV-RAVEDTAFEL-9300000179132658,Raved,5,Size,140 x 200 cm,,0,,,,,,
variation,9501269777623,Raved Tafelzeil 140 cm x 220 cm – Lavendel print – PVC - Afwasbaar – Binnen & Buiten,1,,visible,,,1,999,,,,,23.95,43.89,Tafellaken,,https://media.s-bol.com/9N53Q2wq6Kl4/XDrN3Ag/1200x590.jpg,RAV-RAVEDTAFEL-9300000179132658,Raved,6,Size,140 x 220 cm,,0,,,,,,
variation,9509857113921,Raved Tafelzeil 140 cm x 230 cm – Lavendel print – PVC - Afwasbaar – Binnen & Buiten,1,,visible,,,1,999,,,,,23.95,43.89,Tafellaken,,https://media.s-bol.com/705DLnwkZA88/R6PEWrE/1200x590.jpg,RAV-RAVEDTAFEL-9300000179132658,Raved,7,Size,140 x 230 cm,,0,,,,,,
variation,9508572511241,Raved Tafelzeil 140 cm x 240 cm – Lavendel print – PVC - Afwasbaar – Binnen & Buiten,1,,visible,,,1,999,,,,,23.95,43.89,Tafellaken,,https://media.s-bol.com/g05PDlyW3kwl/48njVWV/1200x1144.jpg,RAV-RAVEDTAFEL-9300000179132658,Raved,8,Size,140 x 240 cm,,0,,,,,,
variation,9508992821784,Raved Tafelzeil 140 cm x 250 cm – Lavendel print – PVC - Afwasbaar – Binnen & Buiten,1,,visible,,,1,999,,,,,23.95,43.89,Tafellaken,,https://media.s-bol.com/n1ZPmvl6kvZD/66plGYV/1200x1144.jpg,RAV-RAVEDTAFEL-9300000179132658,Raved,9,Size,140 x 250 cm,,0,,,,,,
variation,9502734175760,Raved Tafelzeil 140 cm x 260 cm – Lavendel print – PVC - Afwasbaar – Binnen & Buiten,1,,visible,,,1,999,,,,,23.95,43.89,Tafellaken,,https://media.s-bol.com/n1ZPmvVE6JlE/GZNJzYL/1200x1200.jpg,RAV-RAVEDTAFEL-9300000179132658,Raved,10,Size,140 x 260 cm,,0,,,,,,
variation,9506381188685,Raved Tafelzeil 140 cm x 270 cm – Lavendel print – PVC - Afwasbaar – Binnen & Buiten,1,,visible,,,1,999,,,,,23.95,43.89,Tafellaken,,https://media.s-bol.com/RNg7KEX1EBow/Q1rljA0/1200x1144.jpg,RAV-RAVEDTAFEL-9300000179132658,Raved,11,Size,140 x 270 cm,,0,,,,,,
variation,9501794329533,Raved Tafelzeil 140 cm x 280 cm – Lavendel print – PVC - Afwasbaar – Binnen & Buiten,1,,visible,,,1,999,,,,,23.95,43.89,Tafellaken,,https://media.s-bol.com/NBq79E2AyM1m/M8Jy0mG/1200x590.jpg,RAV-RAVEDTAFEL-9300000179132658,Raved,12,Size,140 x 280 cm,,0,,,,,,
variation,9506758189697,Raved Tafelzeil 140 cm x 290 cm – Lavendel print – PVC - Afwasbaar – Binnen & Buiten,1,,visible,,,1,999,,,,,23.95,43.89,Tafellaken,,https://media.s-bol.com/VRm92LyREQpW/VmzqoJv/1200x1144.jpg,RAV-RAVEDTAFEL-9300000179132658,Raved,13,Size,140 x 290 cm,,0,,,,,,
variation,9508953626533,Raved Tafelzeil 140 cm x 300 cm – Lavendel print – PVC - Afwasbaar – Binnen & Buiten,1,,visible,,,1,999,,,,,23.95,43.89,Tafellaken,,https://media.s-bol.com/Z14RGPDgW4jw/58okVAK/1200x1144.jpg,RAV-RAVEDTAFEL-9300000179132658,Raved,14,Size,140 x 300 cm,,0,,,,,,
variation,9509792855375,Raved Tafelzeil 140 cm x 310 cm – Lavendel print – PVC - Afwasbaar – Binnen & Buiten,1,,visible,,,1,999,,,,,23.95,43.89,Tafellaken,,https://media.s-bol.com/m5wP0rkW3Y33/Y6DwrVM/1200x1144.jpg,RAV-RAVEDTAFEL-9300000179132658,Raved,15,Size,140 x 310 cm,,0,,,,,,
variation,9504181824413,Raved Tafelzeil 140 cm x 320 cm – Lavendel print – PVC - Afwasbaar – Binnen & Buiten,1,,visible,,,1,999,,,,,23.95,43.89,Tafellaken,,https://media.s-bol.com/VRm92LZYgRG1/O7pjLJY/1200x1144.jpg,RAV-RAVEDTAFEL-9300000179132658,Raved,16,Size,140 x 320 cm,,0,,,,,,
variation,9501256758468,Raved Tafelzeil 140 cm x 350 cm – Lavendel print – PVC - Afwasbaar – Binnen & Buiten,1,,visible,,,1,999,,,,,23.95,43.89,Tafellaken,,https://media.s-bol.com/JxmEZLqomO6v/PNzBRp4/1200x590.jpg,RAV-RAVEDTAFEL-9300000179132658,Raved,17,Size,140 x 350 cm,,0,,,,,,
simple,9509229174512,Raved Rond Tafelzeil - 140 ø - PVC - Afwasbaar,1,,visible,,"<p>Breng direct extra vrolijkheid en gemak aan tafel met het <strong>Raved Rond Tafelzeil – Citroentjes Geel</strong>: gemaakt van <strong>hoogwaardig PVC</strong> en volledig <strong>afwasbaar</strong>, perfect voor gezellige maaltijden binnen én buiten. Voeg stijl toe én bescherm je tafel in één stap.</p> <p><strong>Maak iedere maaltijd een feestje met het Raved Rond Tafelzeil – Citroentjes Geel</strong>. Dit stijlvolle tafelzeil is dé combinatie van vrolijk design en slimme functionaliteit. Het <strong>primaire zoekwoord “rond tafelzeil”</strong> komt direct naar voren in deze introductie: dankzij de ronde vorm (Ø 140 cm) sluit het perfect aan op zowel eettafels als tuintafels, en geeft het geheel direct een frisse, zomerse uitstraling.</p> <h3>Waarom dit tafelzeil jouw tafel verdient</h3> <p>Met een patroon van zonnige citroentjes in helder geel creëer je een luchtige en uitnodigende sfeer. Het motief springt in het oog en maakt dat je tafelsetting niet alleen functioneel is, maar ook visueel aantrekkelijk. Door de <strong>kleur geel</strong> en het <strong>citroendesign</strong> voelt je interieur of tuin direct levendiger aan — waardevol als je gasten ontvangt of gewoon een gezellige familiedineravond voor ogen hebt.</p> <h3>De voordelen in één oogopslag</h3> <ul> <li> <p><strong>Materiaal</strong>: stevig <strong>PVC</strong>, dat zich onderscheidt door zijn duurzaamheid en gemak.</p> </li> <li> <p><strong>Onderhoud</strong>: volledig <strong>afwasbaar</strong>, even afnemen met een vochtige doek en je tafel is weer schoon — geen gedoe meer met vlekken of de wasmachine.</p> </li> <li> <p><strong>Bescherming & gemak</strong>: beschermt je tafel tegen krassen, vocht en lekkages, maar behoudt tegelijkertijd een lichte en stijlvolle uitstraling.</p> </li> <li> <p><strong>Gebruik binnen & buiten</strong>: ideaal voor in de keuken, eethoek óf op het terras – een slimme all-round keuze.</p> </li> <li> <p><strong>Design & sfeer</strong>: het citroentjes-patroon in geel haalt de zomer naar binnen, zelfs op grauwe dagen.</p> </li> </ul> <h3>Meer dan alleen een tafelkleed</h3> <p>Je kiest niet slechts voor een tafelzeil — je kiest voor een beleving. Wanneer kinderen knutselen of vrienden blijven plakken na het eten, hoef jij je geen zorgen meer te maken over oneffenheden of harde randen. Dankzij het soepele PVC ligt het netjes en blijft het mooi, zelfs bij intensief gebruik.</p> <h3>Onderhoud en gebruikstips</h3> <ul> <li> <p>Plaats het zeil op een droge, schone tafel.</p> </li> <li> <p>Afnemen met een zachte doek en lauw water of mild schoonmaakmiddel, en je tafelmoment blijft zorgeloos.</p> </li> <li> <p>Wil je het buiten gebruiken? Rol het op of leg het onder spanning zodat kreukels beperkt blijven.</p> </li> <li> <p>Bij opslag: oprollen in plaats van vouwen houdt het materiaal in topconditie.</p> </li> </ul> <h3>Sluit je aan bij vele tevreden gebruikers</h3> <p>Klanten waarderen dit tafelzeil om zijn combinatie van stijl én functionaliteit – van “mooi design, makkelijk schoon te maken” tot “geschikt voor buiten en binnen”. </p> <p><strong>Durf je tafel een makeover te geven én kiezen voor gemak?</strong> Bestel vandaag nog het Raved Rond Tafelzeil – Citroentjes Geel – en geniet van elke maaltijd zonder zorgen. Voeg direct toe aan je winkelwagen en ervaar zelf het verschil.</p>",1,999,,,,,27.95,27.95,Tafellaken,"Tafellaken,PVC,Tafelzeil,Rechthoek,Effen,effen,Raved",https://media.s-bol.com/JxWLOpz6nX3l/jRYWqB4/1200x1200.jpg,,Raved,,,,,,,,,,,
